"IMPORTANTE","cod_universidad","des_universidad","anio","cod_pais_nacionalidad","des_pais_nacionalidad","cod_continente_nacionalidad","des_continente_nacionalidad","lat_pais_nacionalidad","lon_pais_nacionalidad","cod_agregacion_paises_nacionalidad","des_agregacion_paises_nacionalidad","cod_genero","des_genero","anio_nacimiento","cod_tipo_personal_investigacion","des_tipo_personal_investigacion","cod_modalidad_personal_investigacion","des_modalidad_personal_investigacion","cod_tipo_organismo","des_tipo_organismo","cod_dedicacion","des_dedicacion","duracion_meses","cod_titulo_doctorado","des_titulo_doctorado","cod_pais_doctorado","des_pais_doctorado","lat_pais_doctorado","lon_pais_doctorado","cod_continente_doctorado","des_continente_doctorado","cod_agregacion_paises_doctorado","des_agregacion_paises_doctorado","cod_universidad_doctorado","des_universidad_doctorado","anio_lectura_tesis","anio_resolucion_convocatoria","anio_incorporacion","cod_tipo_unidad_responsable","des_tipo_unidad_responsable","cod_unidad_responsable","des_unidad_responsable","cod_area","des_area"
"LOS DATOS DE ESTA FILA NO CORRESPONDEN A UN SÓLO INDIVIDUO. PARA INTERPRETAR CORRÉCTAMENTE CONSULTE: https://www.universidata.es/anonimización","049","Universidad de Huelva","2019","724","España","150","Europa","40.463667","-3.74922","039","Europa meridional","M","Mujer","1989","3","Personal técnico de apoyo a la investigación","8","Personal técnico de apoyo","1","Organismo europeo","2","Dedicación a Tiempo Parcial","4","9",,,,,,,,,,,,,"2019","2019",,,,,,
"LOS DATOS DE ESTA FILA NO CORRESPONDEN A UN SÓLO INDIVIDUO. PARA INTERPRETAR CORRÉCTAMENTE CONSULTE: https://www.universidata.es/anonimización","049","Universidad de Huelva","2019","724","España","150","Europa","40.463667","-3.74922","039","Europa meridional","M","Mujer","1970","3","Personal técnico de apoyo a la investigación","8","Personal técnico de apoyo","4","Administración Autonómica","2","Dedicación a Tiempo Parcial","13","9",,,,,,,,,,,,,"2019","2019",,,,,,
"LOS DATOS DE ESTA FILA NO CORRESPONDEN A UN SÓLO INDIVIDUO. PARA INTERPRETAR CORRÉCTAMENTE CONSULTE: https://www.universidata.es/anonimización","049","Universidad de Huelva","2019","724","España","150","Europa","40.463667","-3.74922","039","Europa meridional","M","Mujer","1992","3","Personal técnico de apoyo a la investigación","8","Personal técnico de apoyo","4","Administración Autonómica","1","Dedicación a Tiempo Completo","24","1","Uno","724","España","40.463667","-3.74922","150","Europa","039","Europa meridional","017","Universidad de Sevilla","2004","2019","2005",,,,,,
"LOS DATOS DE ESTA FILA NO CORRESPONDEN A UN SÓLO INDIVIDUO. PARA INTERPRETAR CORRÉCTAMENTE CONSULTE: https://www.universidata.es/anonimización","049","Universidad de Huelva","2019","724","España","150","Europa","40.463667","-3.74922","039","Europa meridional","M","Mujer","1994","3","Personal técnico de apoyo a la investigación","8","Personal técnico de apoyo","4","Administración Autonómica","2","Dedicación a Tiempo Parcial","14","9",,,,,,,,,,,,,"2019","2011",,,,,,
"LOS DATOS DE ESTA FILA NO CORRESPONDEN A UN SÓLO INDIVIDUO. PARA INTERPRETAR CORRÉCTAMENTE CONSULTE: https://www.universidata.es/anonimización","049","Universidad de Huelva","2019","724","España","150","Europa","40.463667","-3.74922","039","Europa meridional","M","Mujer","1993","3","Personal técnico de apoyo a la investigación","8","Personal técnico de apoyo","6","Universidad","1","Dedicación a Tiempo Completo","9","0","No",,,,,,,,,,,,"2019","2017",,,,,,
"LOS DATOS DE ESTA FILA NO CORRESPONDEN A UN SÓLO INDIVIDUO. PARA INTERPRETAR CORRÉCTAMENTE CONSULTE: https://www.universidata.es/anonimización","049","Universidad de Huelva","2019","724","España","150","Europa","40.463667","-3.74922","039","Europa meridional","H","Hombre","1993","3","Personal técnico de apoyo a la investigación","8","Personal técnico de apoyo","4","Administración Autonómica","1","Dedicación a Tiempo Completo","24","9",,,,,,,,,,,,,"2019","2019","2","Departamento",,,"345","Filología Inglesa"
"LOS DATOS DE ESTA FILA NO CORRESPONDEN A UN SÓLO INDIVIDUO. PARA INTERPRETAR CORRÉCTAMENTE CONSULTE: https://www.universidata.es/anonimización","049","Universidad de Huelva","2019","724","España","150","Europa","40.463667","-3.74922","039","Europa meridional","H","Hombre","1986","3","Personal técnico de apoyo a la investigación","8","Personal técnico de apoyo","4","Administración Autonómica","1","Dedicación a Tiempo Completo","12","9",,,,,,,,,,,,,"2019","2019",,,,,,
"LOS DATOS DE ESTA FILA NO CORRESPONDEN A UN SÓLO INDIVIDUO. PARA INTERPRETAR CORRÉCTAMENTE CONSULTE: https://www.universidata.es/anonimización","049","Universidad de Huelva","2019","724","España","150","Europa","40.463667","-3.74922","039","Europa meridional","M","Mujer","1981","3","Personal técnico de apoyo a la investigación","8","Personal técnico de apoyo","3","Administración Central","1","Dedicación a Tiempo Completo","12","0","No",,,,,,,,,,,,"2019","2018",,,,,,
"LOS DATOS DE ESTA FILA NO CORRESPONDEN A UN SÓLO INDIVIDUO. PARA INTERPRETAR CORRÉCTAMENTE CONSULTE: https://www.universidata.es/anonimización","049","Universidad de Huelva","2019","724","España","150","Europa","40.463667","-3.74922","039","Europa meridional","M","Mujer","1986","3","Personal técnico de apoyo a la investigación","8","Personal técnico de apoyo","6","Universidad","2","Dedicación a Tiempo Parcial","3","9",,,,,,,,,,,,,"2019","2019",,,,,,
"LOS DATOS DE ESTA FILA NO CORRESPONDEN A UN SÓLO INDIVIDUO. PARA INTERPRETAR CORRÉCTAMENTE CONSULTE: https://www.universidata.es/anonimización","049","Universidad de Huelva","2019","724","España","150","Europa","40.463667","-3.74922","039","Europa meridional","H","Hombre","1993","1","Investigador de convocatorias públicas competitivas de ámbito universitario, local, autonómico, estatal o internacional","5","Juan de la Cierva","3","Administración Central","1","Dedicación a Tiempo Completo","5","9",,,,,,,,,,,,,"2019","2017",,,,,,
"LOS DATOS DE ESTA FILA NO CORRESPONDEN A UN SÓLO INDIVIDUO. PARA INTERPRETAR CORRÉCTAMENTE CONSULTE: https://www.universidata.es/anonimización","049","Universidad de Huelva","2019","724","España","150","Europa","40.463667","-3.74922","039","Europa meridional","H","Hombre","1994","3","Personal técnico de apoyo a la investigación","8","Personal técnico de apoyo","1","Organismo europeo","1","Dedicación a Tiempo Completo","12","0","No",,,,,,,,,,,,"2019","2019",,,,,,
"LOS DATOS DE ESTA FILA NO CORRESPONDEN A UN SÓLO INDIVIDUO. PARA INTERPRETAR CORRÉCTAMENTE CONSULTE: https://www.universidata.es/anonimización","049","Universidad de Huelva","2019","724","España","150","Europa","40.463667","-3.74922","039","Europa meridional","H","Hombre","1981","3","Personal técnico de apoyo a la investigación","8","Personal técnico de apoyo","4","Administración Autonómica","1","Dedicación a Tiempo Completo","24","9",,,,,,,,,,,,,"2019","2018",,,,,,
"LOS DATOS DE ESTA FILA NO CORRESPONDEN A UN SÓLO INDIVIDUO. PARA INTERPRETAR CORRÉCTAMENTE CONSULTE: https://www.universidata.es/anonimización","049","Universidad de Huelva","2019","724","España","150","Europa","40.463667","-3.74922","039","Europa meridional","M","Mujer","1995","3","Personal técnico de apoyo a la investigación","8","Personal técnico de apoyo","6","Universidad","1","Dedicación a Tiempo Completo","4","1","Uno","724","España","40.463667","-3.74922","150","Europa","039","Europa meridional","049","Universidad de Huelva","2019","2019","2017",,,,,,
"LOS DATOS DE ESTA FILA NO CORRESPONDEN A UN SÓLO INDIVIDUO. PARA INTERPRETAR CORRÉCTAMENTE CONSULTE: https://www.universidata.es/anonimización","049","Universidad de Huelva","2019","724","España","150","Europa","40.463667","-3.74922","039","Europa meridional","H","Hombre","1993","3","Personal técnico de apoyo a la investigación","8","Personal técnico de apoyo","4","Administración Autonómica","1","Dedicación a Tiempo Completo","24","9",,,,,,,,,,,,,"2019","2019","2","Departamento",,,"030","Antropología Social"
"LOS DATOS DE ESTA FILA NO CORRESPONDEN A UN SÓLO INDIVIDUO. PARA INTERPRETAR CORRÉCTAMENTE CONSULTE: https://www.universidata.es/anonimización","049","Universidad de Huelva","2019","724","España","150","Europa","40.463667","-3.74922","039","Europa meridional","H","Hombre","1976","3","Personal técnico de apoyo a la investigación","8","Personal técnico de apoyo","4","Administración Autonómica","1","Dedicación a Tiempo Completo","12","9",,,,,,,,,,,,,"2019","2016",,,,,,
"LOS DATOS DE ESTA FILA NO CORRESPONDEN A UN SÓLO INDIVIDUO. PARA INTERPRETAR CORRÉCTAMENTE CONSULTE: https://www.universidata.es/anonimización","049","Universidad de Huelva","2019","724","España","150","Europa","40.463667","-3.74922","039","Europa meridional","H","Hombre","1988","3","Personal técnico de apoyo a la investigación","8","Personal técnico de apoyo","1","Organismo europeo","1","Dedicación a Tiempo Completo","6","9",,,,,,,,,,,,,"2019","2019",,,,,,
"LOS DATOS DE ESTA FILA NO CORRESPONDEN A UN SÓLO INDIVIDUO. PARA INTERPRETAR CORRÉCTAMENTE CONSULTE: https://www.universidata.es/anonimización","049","Universidad de Huelva","2019","724","España","150","Europa","40.463667","-3.74922","039","Europa meridional","H","Hombre","1991","3","Personal técnico de apoyo a la investigación","8","Personal técnico de apoyo","4","Administración Autonómica","1","Dedicación a Tiempo Completo","12","9",,,,,,,,,,,,,"2019","2018",,,,,,
"LOS DATOS DE ESTA FILA NO CORRESPONDEN A UN SÓLO INDIVIDUO. PARA INTERPRETAR CORRÉCTAMENTE CONSULTE: https://www.universidata.es/anonimización","049","Universidad de Huelva","2019","724","España","150","Europa","40.463667","-3.74922","039","Europa meridional","M","Mujer","1994","3","Personal técnico de apoyo a la investigación","8","Personal técnico de apoyo","6","Universidad","1","Dedicación a Tiempo Completo","12","9",,,,,,,,,,,,,"2019","2013",,,,,,
"LOS DATOS DE ESTA FILA NO CORRESPONDEN A UN SÓLO INDIVIDUO. PARA INTERPRETAR CORRÉCTAMENTE CONSULTE: https://www.universidata.es/anonimización","049","Universidad de Huelva","2019","724","España","150","Europa","40.463667","-3.74922","039","Europa meridional","H","Hombre","1997","3","Personal técnico de apoyo a la investigación","8","Personal técnico de apoyo","3","Administración Central","1","Dedicación a Tiempo Completo","7","9",,,,,,,,,,,,,"2019","2019",,,,,,
"LOS DATOS DE ESTA FILA NO CORRESPONDEN A UN SÓLO INDIVIDUO. PARA INTERPRETAR CORRÉCTAMENTE CONSULTE: https://www.universidata.es/anonimización","049","Universidad de Huelva","2019","724","España","150","Europa","40.463667","-3.74922","039","Europa meridional","M","Mujer","1994","1","Investigador de convocatorias públicas competitivas de ámbito universitario, local, autonómico, estatal o internacional","1","Formación de profesorado universitario (FPU)","3","Administración Central","1","Dedicación a Tiempo Completo","48","9",,,,,,,,,,,,,"2019","2019",,,,,,
"LOS DATOS DE ESTA FILA NO CORRESPONDEN A UN SÓLO INDIVIDUO. PARA INTERPRETAR CORRÉCTAMENTE CONSULTE: https://www.universidata.es/anonimización","049","Universidad de Huelva","2019","724","España","150","Europa","40.463667","-3.74922","039","Europa meridional","H","Hombre","1992","1","Investigador de convocatorias públicas competitivas de ámbito universitario, local, autonómico, estatal o internacional","2","Formación de personal investigador (FPI)","3","Administración Central","1","Dedicación a Tiempo Completo","48","9",,,,,,,,,,,,,"2019","2019",,,,,,
"LOS DATOS DE ESTA FILA NO CORRESPONDEN A UN SÓLO INDIVIDUO. PARA INTERPRETAR CORRÉCTAMENTE CONSULTE: https://www.universidata.es/anonimización","049","Universidad de Huelva","2019","724","España","150","Europa","40.463667","-3.74922","039","Europa meridional","H","Hombre","1994","3","Personal técnico de apoyo a la investigación","8","Personal técnico de apoyo","4","Administración Autonómica","1","Dedicación a Tiempo Completo","24","9",,,,,,,,,,,,,"2019","2019",,,,,,
"LOS DATOS DE ESTA FILA NO CORRESPONDEN A UN SÓLO INDIVIDUO. PARA INTERPRETAR CORRÉCTAMENTE CONSULTE: https://www.universidata.es/anonimización","049","Universidad de Huelva","2019","724","España","150","Europa","40.463667","-3.74922","039","Europa meridional","M","Mujer","1981","1","Investigador de convocatorias públicas competitivas de ámbito universitario, local, autonómico, estatal o internacional","5","Juan de la Cierva","3","Administración Central","1","Dedicación a Tiempo Completo","24","9",,,,,,,,,,,,,"2019","2019","2","Departamento","55003970","QUIMICA.PROF. JOSE CARLOS VILCHEZ MARTIN","760","Química Inorgánica"
"LOS DATOS DE ESTA FILA NO CORRESPONDEN A UN SÓLO INDIVIDUO. PARA INTERPRETAR CORRÉCTAMENTE CONSULTE: https://www.universidata.es/anonimización","049","Universidad de Huelva","2019","724","España","150","Europa","40.463667","-3.74922","039","Europa meridional","H","Hombre","1995","3","Personal técnico de apoyo a la investigación","8","Personal técnico de apoyo","1","Organismo europeo","1","Dedicación a Tiempo Completo","6","9",,,,,,,,,,,,,"2019","2008",,,,,,
"LOS DATOS DE ESTA FILA NO CORRESPONDEN A UN SÓLO INDIVIDUO. PARA INTERPRETAR CORRÉCTAMENTE CONSULTE: https://www.universidata.es/anonimización","049","Universidad de Huelva","2019","724","España","150","Europa","40.463667","-3.74922","039","Europa meridional","M","Mujer","1992","3","Personal técnico de apoyo a la investigación","8","Personal técnico de apoyo","6","Universidad","1","Dedicación a Tiempo Completo","20","0","No",,,,,,,,,,,,"2019","2019",,,,,,
"LOS DATOS DE ESTA FILA NO CORRESPONDEN A UN SÓLO INDIVIDUO. PARA INTERPRETAR CORRÉCTAMENTE CONSULTE: https://www.universidata.es/anonimización","049","Universidad de Huelva","2019","724","España","150","Europa","40.463667","-3.74922","039","Europa meridional","M","Mujer","1975","3","Personal técnico de apoyo a la investigación","8","Personal técnico de apoyo","6","Universidad","1","Dedicación a Tiempo Completo","5","1","Uno","724","España","40.463667","-3.74922","150","Europa","039","Europa meridional","049","Universidad de Huelva","2019","2019","2019",,,,,,
"LOS DATOS DE ESTA FILA NO CORRESPONDEN A UN SÓLO INDIVIDUO. PARA INTERPRETAR CORRÉCTAMENTE CONSULTE: https://www.universidata.es/anonimización","049","Universidad de Huelva","2019","724","España","150","Europa","40.463667","-3.74922","039","Europa meridional","H","Hombre","1997","3","Personal técnico de apoyo a la investigación","8","Personal técnico de apoyo","1","Organismo europeo","1","Dedicación a Tiempo Completo","12","9",,,,,,,,,,,,,"2019","2018",,,,,,
"LOS DATOS DE ESTA FILA NO CORRESPONDEN A UN SÓLO INDIVIDUO. PARA INTERPRETAR CORRÉCTAMENTE CONSULTE: https://www.universidata.es/anonimización","049","Universidad de Huelva","2019","724","España","150","Europa","40.463667","-3.74922","039","Europa meridional","H","Hombre","1994","3","Personal técnico de apoyo a la investigación","8","Personal técnico de apoyo","4","Administración Autonómica","1","Dedicación a Tiempo Completo","12","0","No",,,,,,,,,,,,"2019","2019",,,,,,
"LOS DATOS DE ESTA FILA NO CORRESPONDEN A UN SÓLO INDIVIDUO. PARA INTERPRETAR CORRÉCTAMENTE CONSULTE: https://www.universidata.es/anonimización","049","Universidad de Huelva","2019","724","España","150","Europa","40.463667","-3.74922","039","Europa meridional","H","Hombre","1992","1","Investigador de convocatorias públicas competitivas de ámbito universitario, local, autonómico, estatal o internacional","1","Formación de profesorado universitario (FPU)","3","Administración Central","1","Dedicación a Tiempo Completo","48","1","Uno","724","España","40.463667","-3.74922","150","Europa","039","Europa meridional","045","Universidad de la Rioja","2017","2019","2019",,,,,,
"LOS DATOS DE ESTA FILA NO CORRESPONDEN A UN SÓLO INDIVIDUO. PARA INTERPRETAR CORRÉCTAMENTE CONSULTE: https://www.universidata.es/anonimización","049","Universidad de Huelva","2019","724","España","150","Europa","40.463667","-3.74922","039","Europa meridional","M","Mujer","1989","3","Personal técnico de apoyo a la investigación","8","Personal técnico de apoyo","3","Administración Central","1","Dedicación a Tiempo Completo","12","9",,,,,,,,,,,,,"2019","2019",,,,,,
"LOS DATOS DE ESTA FILA NO CORRESPONDEN A UN SÓLO INDIVIDUO. PARA INTERPRETAR CORRÉCTAMENTE CONSULTE: https://www.universidata.es/anonimización","049","Universidad de Huelva","2019","724","España","150","Europa","40.463667","-3.74922","039","Europa meridional","M","Mujer","1991","3","Personal técnico de apoyo a la investigación","8","Personal técnico de apoyo","4","Administración Autonómica","1","Dedicación a Tiempo Completo","12","9",,,,,,,,,,,,,"2019","2019",,,,,,
"LOS DATOS DE ESTA FILA NO CORRESPONDEN A UN SÓLO INDIVIDUO. PARA INTERPRETAR CORRÉCTAMENTE CONSULTE: https://www.universidata.es/anonimización","049","Universidad de Huelva","2019","724","España","150","Europa","40.463667","-3.74922","039","Europa meridional","H","Hombre","1990","3","Personal técnico de apoyo a la investigación","8","Personal técnico de apoyo","1","Organismo europeo","1","Dedicación a Tiempo Completo","10","9",,,,,,,,,,,,,"2019","2019",,,,,,
"LOS DATOS DE ESTA FILA NO CORRESPONDEN A UN SÓLO INDIVIDUO. PARA INTERPRETAR CORRÉCTAMENTE CONSULTE: https://www.universidata.es/anonimización","049","Universidad de Huelva","2019","724","España","150","Europa","40.463667","-3.74922","039","Europa meridional","M","Mujer","1982","3","Personal técnico de apoyo a la investigación","8","Personal técnico de apoyo","3","Administración Central","1","Dedicación a Tiempo Completo","36","9",,,,,,,,,,,,,"2019","2018",,,,,,
"LOS DATOS DE ESTA FILA NO CORRESPONDEN A UN SÓLO INDIVIDUO. PARA INTERPRETAR CORRÉCTAMENTE CONSULTE: https://www.universidata.es/anonimización","049","Universidad de Huelva","2019","724","España","150","Europa","40.463667","-3.74922","039","Europa meridional","M","Mujer","1993","3","Personal técnico de apoyo a la investigación","8","Personal técnico de apoyo","4","Administración Autonómica","1","Dedicación a Tiempo Completo","24","9",,,,,,,,,,,,,"2019","2019",,,,,,
"LOS DATOS DE ESTA FILA NO CORRESPONDEN A UN SÓLO INDIVIDUO. PARA INTERPRETAR CORRÉCTAMENTE CONSULTE: https://www.universidata.es/anonimización","049","Universidad de Huelva","2019","724","España","150","Europa","40.463667","-3.74922","039","Europa meridional","H","Hombre","1967","3","Personal técnico de apoyo a la investigación","8","Personal técnico de apoyo","4","Administración Autonómica","1","Dedicación a Tiempo Completo","12","9",,,,,,,,,,,,,"2019","2005",,,,,,
"LOS DATOS DE ESTA FILA NO CORRESPONDEN A UN SÓLO INDIVIDUO. PARA INTERPRETAR CORRÉCTAMENTE CONSULTE: https://www.universidata.es/anonimización","049","Universidad de Huelva","2019","724","España","150","Europa","40.463667","-3.74922","039","Europa meridional","M","Mujer","1996","3","Personal técnico de apoyo a la investigación","8","Personal técnico de apoyo","6","Universidad","1","Dedicación a Tiempo Completo","5","9",,,,,,,,,,,,,"2019","2019",,,,,,
"LOS DATOS DE ESTA FILA NO CORRESPONDEN A UN SÓLO INDIVIDUO. PARA INTERPRETAR CORRÉCTAMENTE CONSULTE: https://www.universidata.es/anonimización","049","Universidad de Huelva","2019","724","España","150","Europa","40.463667","-3.74922","039","Europa meridional","M","Mujer","1978","3","Personal técnico de apoyo a la investigación","8","Personal técnico de apoyo","4","Administración Autonómica","1","Dedicación a Tiempo Completo","24","9",,,,,,,,,,,,,"2019","2019","2","Departamento",,,"187","Didáctica de la Expresión Corporal"
"LOS DATOS DE ESTA FILA NO CORRESPONDEN A UN SÓLO INDIVIDUO. PARA INTERPRETAR CORRÉCTAMENTE CONSULTE: https://www.universidata.es/anonimización","049","Universidad de Huelva","2019","724","España","150","Europa","40.463667","-3.74922","039","Europa meridional","H","Hombre","1991","3","Personal técnico de apoyo a la investigación","8","Personal técnico de apoyo","1","Organismo europeo","1","Dedicación a Tiempo Completo","5","9",,,,,,,,,,,,,"2019","2019",,,,,,
"LOS DATOS DE ESTA FILA NO CORRESPONDEN A UN SÓLO INDIVIDUO. PARA INTERPRETAR CORRÉCTAMENTE CONSULTE: https://www.universidata.es/anonimización","049","Universidad de Huelva","2019","724","España","150","Europa","40.463667","-3.74922","039","Europa meridional","H","Hombre","1994","1","Investigador de convocatorias públicas competitivas de ámbito universitario, local, autonómico, estatal o internacional","4","Ramón y Cajal","3","Administración Central","1","Dedicación a Tiempo Completo","60","9",,,,,,,,,,,,,"2019","2019","2","Departamento",,,"255","Enfermería"
"LOS DATOS DE ESTA FILA NO CORRESPONDEN A UN SÓLO INDIVIDUO. PARA INTERPRETAR CORRÉCTAMENTE CONSULTE: https://www.universidata.es/anonimización","049","Universidad de Huelva","2019","724","España","150","Europa","40.463667","-3.74922","039","Europa meridional","H","Hombre","1991","3","Personal técnico de apoyo a la investigación","8","Personal técnico de apoyo","3","Administración Central","1","Dedicación a Tiempo Completo","12","9",,,,,,,,,,,,,"2019","2019",,,,,,
"LOS DATOS DE ESTA FILA NO CORRESPONDEN A UN SÓLO INDIVIDUO. PARA INTERPRETAR CORRÉCTAMENTE CONSULTE: https://www.universidata.es/anonimización","049","Universidad de Huelva","2019","724","España","150","Europa","40.463667","-3.74922","039","Europa meridional","M","Mujer","1990","3","Personal técnico de apoyo a la investigación","8","Personal técnico de apoyo","6","Universidad","1","Dedicación a Tiempo Completo","4","1","Uno","724","España","40.463667","-3.74922","150","Europa","039","Europa meridional","049","Universidad de Huelva","2006","2019","2019","2","Departamento",,,"195","Didáctica de la Lengua y la Literatura"
"LOS DATOS DE ESTA FILA NO CORRESPONDEN A UN SÓLO INDIVIDUO. PARA INTERPRETAR CORRÉCTAMENTE CONSULTE: https://www.universidata.es/anonimización","049","Universidad de Huelva","2019","724","España","150","Europa","40.463667","-3.74922","039","Europa meridional","M","Mujer","1989","1","Investigador de convocatorias públicas competitivas de ámbito universitario, local, autonómico, estatal o internacional","1","Formación de profesorado universitario (FPU)","3","Administración Central","1","Dedicación a Tiempo Completo","48","0","No",,,,,,,,,,,,"2019","2014","2","Departamento","55003970","QUIMICA.PROF. JOSE CARLOS VILCHEZ MARTIN","060","Bioquímica y Biología Molecular"
"LOS DATOS DE ESTA FILA NO CORRESPONDEN A UN SÓLO INDIVIDUO. PARA INTERPRETAR CORRÉCTAMENTE CONSULTE: https://www.universidata.es/anonimización","049","Universidad de Huelva","2019","724","España","150","Europa","40.463667","-3.74922","039","Europa meridional","H","Hombre","1981","1","Investigador de convocatorias públicas competitivas de ámbito universitario, local, autonómico, estatal o internacional","1","Formación de profesorado universitario (FPU)","3","Administración Central","1","Dedicación a Tiempo Completo","48","9",,,,,,,,,,,,,"2019","2017",,,,,,
"LOS DATOS DE ESTA FILA NO CORRESPONDEN A UN SÓLO INDIVIDUO. PARA INTERPRETAR CORRÉCTAMENTE CONSULTE: https://www.universidata.es/anonimización","049","Universidad de Huelva","2019","724","España","150","Europa","40.463667","-3.74922","039","Europa meridional","H","Hombre","1993","3","Personal técnico de apoyo a la investigación","8","Personal técnico de apoyo","6","Universidad","2","Dedicación a Tiempo Parcial","3","9",,,,,,,,,,,,,"2019","2019",,,,,,
"LOS DATOS DE ESTA FILA NO CORRESPONDEN A UN SÓLO INDIVIDUO. PARA INTERPRETAR CORRÉCTAMENTE CONSULTE: https://www.universidata.es/anonimización","049","Universidad de Huelva","2019","724","España","150","Europa","40.463667","-3.74922","039","Europa meridional","H","Hombre","1993","3","Personal técnico de apoyo a la investigación","8","Personal técnico de apoyo","4","Administración Autonómica","1","Dedicación a Tiempo Completo","12","9",,,,,,,,,,,,,"2019","2014",,,,,,
"LOS DATOS DE ESTA FILA NO CORRESPONDEN A UN SÓLO INDIVIDUO. PARA INTERPRETAR CORRÉCTAMENTE CONSULTE: https://www.universidata.es/anonimización","049","Universidad de Huelva","2019","724","España","150","Europa","40.463667","-3.74922","039","Europa meridional","H","Hombre","1994","3","Personal técnico de apoyo a la investigación","8","Personal técnico de apoyo","4","Administración Autonómica","1","Dedicación a Tiempo Completo","12","0","No",,,,,,,,,,,,"2019","2019",,,,,,
"LOS DATOS DE ESTA FILA NO CORRESPONDEN A UN SÓLO INDIVIDUO. PARA INTERPRETAR CORRÉCTAMENTE CONSULTE: https://www.universidata.es/anonimización","049","Universidad de Huelva","2019","724","España","150","Europa","40.463667","-3.74922","039","Europa meridional","H","Hombre","1993","3","Personal técnico de apoyo a la investigación","8","Personal técnico de apoyo","4","Administración Autonómica","1","Dedicación a Tiempo Completo","12","9",,,,,,,,,,,,,"2019","2019",,,,,,
"LOS DATOS DE ESTA FILA NO CORRESPONDEN A UN SÓLO INDIVIDUO. PARA INTERPRETAR CORRÉCTAMENTE CONSULTE: https://www.universidata.es/anonimización","049","Universidad de Huelva","2019","724","España","150","Europa","40.463667","-3.74922","039","Europa meridional","H","Hombre","1995","3","Personal técnico de apoyo a la investigación","8","Personal técnico de apoyo","1","Organismo europeo","2","Dedicación a Tiempo Parcial","3","1","Uno","724","España","40.463667","-3.74922","150","Europa","039","Europa meridional","012","Universidad de Murcia","2012","2019","2016",,,,,,
"LOS DATOS DE ESTA FILA NO CORRESPONDEN A UN SÓLO INDIVIDUO. PARA INTERPRETAR CORRÉCTAMENTE CONSULTE: https://www.universidata.es/anonimización","049","Universidad de Huelva","2019","724","España","150","Europa","40.463667","-3.74922","039","Europa meridional","M","Mujer","1974","3","Personal técnico de apoyo a la investigación","8","Personal técnico de apoyo","4","Administración Autonómica","1","Dedicación a Tiempo Completo","24","1","Uno","380","Italia","41.87194","12.56738","150","Europa","039","Europa meridional","E80","Universidad perteneciente al EEES","2019","2019","2019",,,,,,
"LOS DATOS DE ESTA FILA NO CORRESPONDEN A UN SÓLO INDIVIDUO. PARA INTERPRETAR CORRÉCTAMENTE CONSULTE: https://www.universidata.es/anonimización","049","Universidad de Huelva","2019","724","España","150","Europa","40.463667","-3.74922","039","Europa meridional","M","Mujer","1992","1","Investigador de convocatorias públicas competitivas de ámbito universitario, local, autonómico, estatal o internacional","3","Otro investigador predoctoral (ya sea en formación o en contratación)","6","Universidad","1","Dedicación a Tiempo Completo","12","9",,,,,,,,,,,,,"2019","2019",,,,,,
"LOS DATOS DE ESTA FILA NO CORRESPONDEN A UN SÓLO INDIVIDUO. PARA INTERPRETAR CORRÉCTAMENTE CONSULTE: https://www.universidata.es/anonimización","049","Universidad de Huelva","2019","724","España","150","Europa","40.463667","-3.74922","039","Europa meridional","M","Mujer","1986","3","Personal técnico de apoyo a la investigación","8","Personal técnico de apoyo","6","Universidad","1","Dedicación a Tiempo Completo","8","1","Uno","724","España","40.463667","-3.74922","150","Europa","039","Europa meridional","049","Universidad de Huelva","2019","2019","2018",,,,,,
"LOS DATOS DE ESTA FILA NO CORRESPONDEN A UN SÓLO INDIVIDUO. PARA INTERPRETAR CORRÉCTAMENTE CONSULTE: https://www.universidata.es/anonimización","049","Universidad de Huelva","2019","724","España","150","Europa","40.463667","-3.74922","039","Europa meridional","M","Mujer","1996","3","Personal técnico de apoyo a la investigación","8","Personal técnico de apoyo","4","Administración Autonómica","1","Dedicación a Tiempo Completo","12","9",,,,,,,,,,,,,"2019","2019","2","Departamento","55003970","QUIMICA.PROF. JOSE CARLOS VILCHEZ MARTIN","760","Química Inorgánica"
"LOS DATOS DE ESTA FILA NO CORRESPONDEN A UN SÓLO INDIVIDUO. PARA INTERPRETAR CORRÉCTAMENTE CONSULTE: https://www.universidata.es/anonimización","049","Universidad de Huelva","2019","724","España","150","Europa","40.463667","-3.74922","039","Europa meridional","H","Hombre","1982","3","Personal técnico de apoyo a la investigación","8","Personal técnico de apoyo","4","Administración Autonómica","1","Dedicación a Tiempo Completo","24","9",,,,,,,,,,,,,"2019","2019",,,,,,
"LOS DATOS DE ESTA FILA NO CORRESPONDEN A UN SÓLO INDIVIDUO. PARA INTERPRETAR CORRÉCTAMENTE CONSULTE: https://www.universidata.es/anonimización","049","Universidad de Huelva","2019","724","España","150","Europa","40.463667","-3.74922","039","Europa meridional","H","Hombre","1992","3","Personal técnico de apoyo a la investigación","8","Personal técnico de apoyo","1","Organismo europeo","1","Dedicación a Tiempo Completo","10","9",,,,,,,,,,,,,"2019","2015","2","Departamento",,,"427","Geodinámica Interna"
"LOS DATOS DE ESTA FILA NO CORRESPONDEN A UN SÓLO INDIVIDUO. PARA INTERPRETAR CORRÉCTAMENTE CONSULTE: https://www.universidata.es/anonimización","049","Universidad de Huelva","2019","724","España","150","Europa","40.463667","-3.74922","039","Europa meridional","H","Hombre","1979","3","Personal técnico de apoyo a la investigación","8","Personal técnico de apoyo","4","Administración Autonómica","1","Dedicación a Tiempo Completo","12","9",,,,,,,,,,,,,"2019","2019","2","Departamento",,,"160","Derecho Internacional Público y Relaciones Internacionales"
"LOS DATOS DE ESTA FILA NO CORRESPONDEN A UN SÓLO INDIVIDUO. PARA INTERPRETAR CORRÉCTAMENTE CONSULTE: https://www.universidata.es/anonimización","049","Universidad de Huelva","2019","724","España","150","Europa","40.463667","-3.74922","039","Europa meridional","H","Hombre","1978","1","Investigador de convocatorias públicas competitivas de ámbito universitario, local, autonómico, estatal o internacional","3","Otro investigador predoctoral (ya sea en formación o en contratación)","6","Universidad","1","Dedicación a Tiempo Completo","12","9",,,,,,,,,,,,,"2019","2019","2","Departamento",,,"520","Ingeniería de Sistemas y Automática"
"LOS DATOS DE ESTA FILA NO CORRESPONDEN A UN SÓLO INDIVIDUO. PARA INTERPRETAR CORRÉCTAMENTE CONSULTE: https://www.universidata.es/anonimización","049","Universidad de Huelva","2019","724","España","150","Europa","40.463667","-3.74922","039","Europa meridional","H","Hombre","1993","3","Personal técnico de apoyo a la investigación","8","Personal técnico de apoyo","6","Universidad","1","Dedicación a Tiempo Completo","14","1","Uno","724","España","40.463667","-3.74922","150","Europa","039","Europa meridional","049","Universidad de Huelva","2012","2019","2019","2","Departamento",,,"385","Física Aplicada"
"LOS DATOS DE ESTA FILA NO CORRESPONDEN A UN SÓLO INDIVIDUO. PARA INTERPRETAR CORRÉCTAMENTE CONSULTE: https://www.universidata.es/anonimización","049","Universidad de Huelva","2019","724","España","150","Europa","40.463667","-3.74922","039","Europa meridional","H","Hombre","1995","3","Personal técnico de apoyo a la investigación","8","Personal técnico de apoyo","4","Administración Autonómica","1","Dedicación a Tiempo Completo","12","0","No",,,,,,,,,,,,"2019","2019","2","Departamento",,,"555","Ingeniería Química"
"LOS DATOS DE ESTA FILA NO CORRESPONDEN A UN SÓLO INDIVIDUO. PARA INTERPRETAR CORRÉCTAMENTE CONSULTE: https://www.universidata.es/anonimización","049","Universidad de Huelva","2019","724","España","150","Europa","40.463667","-3.74922","039","Europa meridional","H","Hombre","1976","3","Personal técnico de apoyo a la investigación","8","Personal técnico de apoyo","6","Universidad","1","Dedicación a Tiempo Completo","24","9",,,,,,,,,,,,,"2019","2015",,,,,,
"LOS DATOS DE ESTA FILA NO CORRESPONDEN A UN SÓLO INDIVIDUO. PARA INTERPRETAR CORRÉCTAMENTE CONSULTE: https://www.universidata.es/anonimización","049","Universidad de Huelva","2019","724","España","150","Europa","40.463667","-3.74922","039","Europa meridional","H","Hombre","1993","3","Personal técnico de apoyo a la investigación","8","Personal técnico de apoyo","1","Organismo europeo","2","Dedicación a Tiempo Parcial","14","0","No",,,,,,,,,,,,"2019","2019",,,,,,
"LOS DATOS DE ESTA FILA NO CORRESPONDEN A UN SÓLO INDIVIDUO. PARA INTERPRETAR CORRÉCTAMENTE CONSULTE: https://www.universidata.es/anonimización","049","Universidad de Huelva","2019","724","España","150","Europa","40.463667","-3.74922","039","Europa meridional","M","Mujer","1990","1","Investigador de convocatorias públicas competitivas de ámbito universitario, local, autonómico, estatal o internacional","7","Otro investigador postdoctoral (ya sea en formación o en contratación)","4","Administración Autonómica","1","Dedicación a Tiempo Completo","12","0","No",,,,,,,,,,,,"2019","2017",,,,,,
"LOS DATOS DE ESTA FILA NO CORRESPONDEN A UN SÓLO INDIVIDUO. PARA INTERPRETAR CORRÉCTAMENTE CONSULTE: https://www.universidata.es/anonimización","049","Universidad de Huelva","2019","724","España","150","Europa","40.463667","-3.74922","039","Europa meridional","H","Hombre","1990","1","Investigador de convocatorias públicas competitivas de ámbito universitario, local, autonómico, estatal o internacional","2","Formación de personal investigador (FPI)","3","Administración Central","1","Dedicación a Tiempo Completo","48","1","Uno","724","España","40.463667","-3.74922","150","Europa","039","Europa meridional","049","Universidad de Huelva","2013","2019","2017",,,,,,
"LOS DATOS DE ESTA FILA NO CORRESPONDEN A UN SÓLO INDIVIDUO. PARA INTERPRETAR CORRÉCTAMENTE CONSULTE: https://www.universidata.es/anonimización","049","Universidad de Huelva","2019","724","España","150","Europa","40.463667","-3.74922","039","Europa meridional","M","Mujer","1994","3","Personal técnico de apoyo a la investigación","8","Personal técnico de apoyo","6","Universidad","1","Dedicación a Tiempo Completo","4","1","Uno","724","España","40.463667","-3.74922","150","Europa","039","Europa meridional","049","Universidad de Huelva","2019","2019","2018",,,,,,
"LOS DATOS DE ESTA FILA NO CORRESPONDEN A UN SÓLO INDIVIDUO. PARA INTERPRETAR CORRÉCTAMENTE CONSULTE: https://www.universidata.es/anonimización","049","Universidad de Huelva","2019","724","España","150","Europa","40.463667","-3.74922","039","Europa meridional","M","Mujer","1980","1","Investigador de convocatorias públicas competitivas de ámbito universitario, local, autonómico, estatal o internacional","2","Formación de personal investigador (FPI)","3","Administración Central","1","Dedicación a Tiempo Completo","48","9",,,,,,,,,,,,,"2019","2018",,,,,,
"LOS DATOS DE ESTA FILA NO CORRESPONDEN A UN SÓLO INDIVIDUO. PARA INTERPRETAR CORRÉCTAMENTE CONSULTE: https://www.universidata.es/anonimización","049","Universidad de Huelva","2019","724","España","150","Europa","40.463667","-3.74922","039","Europa meridional","H","Hombre","1993","1","Investigador de convocatorias públicas competitivas de ámbito universitario, local, autonómico, estatal o internacional","1","Formación de profesorado universitario (FPU)","3","Administración Central","1","Dedicación a Tiempo Completo","48","9",,,,,,,,,,,,,"2019","2019",,,,,,
"LOS DATOS DE ESTA FILA NO CORRESPONDEN A UN SÓLO INDIVIDUO. PARA INTERPRETAR CORRÉCTAMENTE CONSULTE: https://www.universidata.es/anonimización","049","Universidad de Huelva","2019","724","España","150","Europa","40.463667","-3.74922","039","Europa meridional","H","Hombre","1995","3","Personal técnico de apoyo a la investigación","8","Personal técnico de apoyo","6","Universidad","1","Dedicación a Tiempo Completo","12","9",,,,,,,,,,,,,"2019","2015",,,,,,
"LOS DATOS DE ESTA FILA NO CORRESPONDEN A UN SÓLO INDIVIDUO. PARA INTERPRETAR CORRÉCTAMENTE CONSULTE: https://www.universidata.es/anonimización","049","Universidad de Huelva","2019","724","España","150","Europa","40.463667","-3.74922","039","Europa meridional","H","Hombre","1982","3","Personal técnico de apoyo a la investigación","8","Personal técnico de apoyo","3","Administración Central","2","Dedicación a Tiempo Parcial","6","9",,,,,,,,,,,,,"2019","2017","2","Departamento",,,"620","Metodología de las Ciencias del Comportamiento"
"LOS DATOS DE ESTA FILA NO CORRESPONDEN A UN SÓLO INDIVIDUO. PARA INTERPRETAR CORRÉCTAMENTE CONSULTE: https://www.universidata.es/anonimización","049","Universidad de Huelva","2019","724","España","150","Europa","40.463667","-3.74922","039","Europa meridional","H","Hombre","1994","3","Personal técnico de apoyo a la investigación","8","Personal técnico de apoyo","6","Universidad","1","Dedicación a Tiempo Completo","9","9",,,,,,,,,,,,,"2019","2006",,,,,,
"LOS DATOS DE ESTA FILA NO CORRESPONDEN A UN SÓLO INDIVIDUO. PARA INTERPRETAR CORRÉCTAMENTE CONSULTE: https://www.universidata.es/anonimización","049","Universidad de Huelva","2019","724","España","150","Europa","40.463667","-3.74922","039","Europa meridional","M","Mujer","1989","3","Personal técnico de apoyo a la investigación","8","Personal técnico de apoyo","4","Administración Autonómica","1","Dedicación a Tiempo Completo","24","9",,,,,,,,,,,,,"2019","2019",,,,,,
"LOS DATOS DE ESTA FILA NO CORRESPONDEN A UN SÓLO INDIVIDUO. PARA INTERPRETAR CORRÉCTAMENTE CONSULTE: https://www.universidata.es/anonimización","049","Universidad de Huelva","2019","380","Italia","150","Europa","41.87194","12.56738","039","Europa meridional","H","Hombre","1990","3","Personal técnico de apoyo a la investigación","8","Personal técnico de apoyo","1","Organismo europeo","2","Dedicación a Tiempo Parcial","2","1","Uno","724","España","40.463667","-3.74922","150","Europa","039","Europa meridional","049","Universidad de Huelva","2009","2019","2019",,,,,,
"LOS DATOS DE ESTA FILA NO CORRESPONDEN A UN SÓLO INDIVIDUO. PARA INTERPRETAR CORRÉCTAMENTE CONSULTE: https://www.universidata.es/anonimización","049","Universidad de Huelva","2019","724","España","150","Europa","40.463667","-3.74922","039","Europa meridional","H","Hombre","1994","3","Personal técnico de apoyo a la investigación","8","Personal técnico de apoyo","4","Administración Autonómica","1","Dedicación a Tiempo Completo","12","0","No",,,,,,,,,,,,"2019","2014",,,,,,
"LOS DATOS DE ESTA FILA NO CORRESPONDEN A UN SÓLO INDIVIDUO. PARA INTERPRETAR CORRÉCTAMENTE CONSULTE: https://www.universidata.es/anonimización","049","Universidad de Huelva","2019","724","España","150","Europa","40.463667","-3.74922","039","Europa meridional","H","Hombre","1992","3","Personal técnico de apoyo a la investigación","8","Personal técnico de apoyo","6","Universidad","1","Dedicación a Tiempo Completo","2","9",,,,,,,,,,,,,"2019","2013",,,,,,
"LOS DATOS DE ESTA FILA NO CORRESPONDEN A UN SÓLO INDIVIDUO. PARA INTERPRETAR CORRÉCTAMENTE CONSULTE: https://www.universidata.es/anonimización","049","Universidad de Huelva","2019","724","España","150","Europa","40.463667","-3.74922","039","Europa meridional","M","Mujer","1990","3","Personal técnico de apoyo a la investigación","8","Personal técnico de apoyo","1","Organismo europeo","2","Dedicación a Tiempo Parcial","10","9",,,,,,,,,,,,,"2019","2013",,,,,,
"LOS DATOS DE ESTA FILA NO CORRESPONDEN A UN SÓLO INDIVIDUO. PARA INTERPRETAR CORRÉCTAMENTE CONSULTE: https://www.universidata.es/anonimización","049","Universidad de Huelva","2019","724","España","150","Europa","40.463667","-3.74922","039","Europa meridional","M","Mujer","1995","3","Personal técnico de apoyo a la investigación","8","Personal técnico de apoyo","6","Universidad","1","Dedicación a Tiempo Completo","7","9",,,,,,,,,,,,,"2019","2018",,,,,,
"LOS DATOS DE ESTA FILA NO CORRESPONDEN A UN SÓLO INDIVIDUO. PARA INTERPRETAR CORRÉCTAMENTE CONSULTE: https://www.universidata.es/anonimización","049","Universidad de Huelva","2019","724","España","150","Europa","40.463667","-3.74922","039","Europa meridional","H","Hombre","1989","1","Investigador de convocatorias públicas competitivas de ámbito universitario, local, autonómico, estatal o internacional","7","Otro investigador postdoctoral (ya sea en formación o en contratación)","3","Administración Central","1","Dedicación a Tiempo Completo","36","9",,,,,,,,,,,,,"2019","2017","2","Departamento",,,"120","Cristalografía y Mineralogía"
"LOS DATOS DE ESTA FILA NO CORRESPONDEN A UN SÓLO INDIVIDUO. PARA INTERPRETAR CORRÉCTAMENTE CONSULTE: https://www.universidata.es/anonimización","049","Universidad de Huelva","2019","724","España","150","Europa","40.463667","-3.74922","039","Europa meridional","H","Hombre","1989","3","Personal técnico de apoyo a la investigación","8","Personal técnico de apoyo","4","Administración Autonómica","1","Dedicación a Tiempo Completo","12","9",,,,,,,,,,,,,"2019","2019",,,,,,
"LOS DATOS DE ESTA FILA NO CORRESPONDEN A UN SÓLO INDIVIDUO. PARA INTERPRETAR CORRÉCTAMENTE CONSULTE: https://www.universidata.es/anonimización","049","Universidad de Huelva","2019","724","España","150","Europa","40.463667","-3.74922","039","Europa meridional","H","Hombre","1995","1","Investigador de convocatorias públicas competitivas de ámbito universitario, local, autonómico, estatal o internacional","5","Juan de la Cierva","3","Administración Central","1","Dedicación a Tiempo Completo","24","9",,,,,,,,,,,,,"2019","2018","2","Departamento",,,"760","Química Inorgánica"
"LOS DATOS DE ESTA FILA NO CORRESPONDEN A UN SÓLO INDIVIDUO. PARA INTERPRETAR CORRÉCTAMENTE CONSULTE: https://www.universidata.es/anonimización","049","Universidad de Huelva","2019","724","España","150","Europa","40.463667","-3.74922","039","Europa meridional","M","Mujer","1979","3","Personal técnico de apoyo a la investigación","8","Personal técnico de apoyo","4","Administración Autonómica","1","Dedicación a Tiempo Completo","10","0","No",,,,,,,,,,,,"2019","2019",,,,,,
"LOS DATOS DE ESTA FILA NO CORRESPONDEN A UN SÓLO INDIVIDUO. PARA INTERPRETAR CORRÉCTAMENTE CONSULTE: https://www.universidata.es/anonimización","049","Universidad de Huelva","2019","724","España","150","Europa","40.463667","-3.74922","039","Europa meridional","H","Hombre","1994","3","Personal técnico de apoyo a la investigación","8","Personal técnico de apoyo","4","Administración Autonómica","1","Dedicación a Tiempo Completo","24","9",,,,,,,,,,,,,"2019","2019",,,,,,
"LOS DATOS DE ESTA FILA NO CORRESPONDEN A UN SÓLO INDIVIDUO. PARA INTERPRETAR CORRÉCTAMENTE CONSULTE: https://www.universidata.es/anonimización","049","Universidad de Huelva","2019","724","España","150","Europa","40.463667","-3.74922","039","Europa meridional","H","Hombre","1987","3","Personal técnico de apoyo a la investigación","8","Personal técnico de apoyo","3","Administración Central","1","Dedicación a Tiempo Completo","31","9",,,,,,,,,,,,,"2018","2018","2","Departamento",,,"813","Trabajo Social y Servicios Sociales"
"LOS DATOS DE ESTA FILA NO CORRESPONDEN A UN SÓLO INDIVIDUO. PARA INTERPRETAR CORRÉCTAMENTE CONSULTE: https://www.universidata.es/anonimización","049","Universidad de Huelva","2019","724","España","150","Europa","40.463667","-3.74922","039","Europa meridional","M","Mujer","1992","1","Investigador de convocatorias públicas competitivas de ámbito universitario, local, autonómico, estatal o internacional","1","Formación de profesorado universitario (FPU)","3","Administración Central","1","Dedicación a Tiempo Completo","37","9",,,,,,,,,,,,,"2018","2017",,,,,,
"LOS DATOS DE ESTA FILA NO CORRESPONDEN A UN SÓLO INDIVIDUO. PARA INTERPRETAR CORRÉCTAMENTE CONSULTE: https://www.universidata.es/anonimización","049","Universidad de Huelva","2019","724","España","150","Europa","40.463667","-3.74922","039","Europa meridional","M","Mujer","1986","3","Personal técnico de apoyo a la investigación","8","Personal técnico de apoyo","6","Universidad","2","Dedicación a Tiempo Parcial","23","9",,,,,,,,,,,,,"2018","2018",,,,,,
"LOS DATOS DE ESTA FILA NO CORRESPONDEN A UN SÓLO INDIVIDUO. PARA INTERPRETAR CORRÉCTAMENTE CONSULTE: https://www.universidata.es/anonimización","049","Universidad de Huelva","2019","724","España","150","Europa","40.463667","-3.74922","039","Europa meridional","H","Hombre","1982","3","Personal técnico de apoyo a la investigación","8","Personal técnico de apoyo","1","Organismo europeo","1","Dedicación a Tiempo Completo","24","9",,,,,,,,,,,,,"2018","2018",,,,,,
"LOS DATOS DE ESTA FILA NO CORRESPONDEN A UN SÓLO INDIVIDUO. PARA INTERPRETAR CORRÉCTAMENTE CONSULTE: https://www.universidata.es/anonimización","049","Universidad de Huelva","2019","724","España","150","Europa","40.463667","-3.74922","039","Europa meridional","M","Mujer","1987","3","Personal técnico de apoyo a la investigación","8","Personal técnico de apoyo","3","Administración Central","1","Dedicación a Tiempo Completo","26","9",,,,,,,,,,,,,"2018","2013",,,,,,
"LOS DATOS DE ESTA FILA NO CORRESPONDEN A UN SÓLO INDIVIDUO. PARA INTERPRETAR CORRÉCTAMENTE CONSULTE: https://www.universidata.es/anonimización","049","Universidad de Huelva","2019","724","España","150","Europa","40.463667","-3.74922","039","Europa meridional","H","Hombre","1986","3","Personal técnico de apoyo a la investigación","8","Personal técnico de apoyo","4","Administración Autonómica","1","Dedicación a Tiempo Completo","18","0","No",,,,,,,,,,,,"2018","2008","2","Departamento",,,"790","Tecnologías del Medio Ambiente"
"LOS DATOS DE ESTA FILA NO CORRESPONDEN A UN SÓLO INDIVIDUO. PARA INTERPRETAR CORRÉCTAMENTE CONSULTE: https://www.universidata.es/anonimización","049","Universidad de Huelva","2019","724","España","150","Europa","40.463667","-3.74922","039","Europa meridional","H","Hombre","1993","3","Personal técnico de apoyo a la investigación","8","Personal técnico de apoyo","6","Universidad","1","Dedicación a Tiempo Completo","19","0","No",,,,,,,,,,,,"2018","2012",,,,,,
"LOS DATOS DE ESTA FILA NO CORRESPONDEN A UN SÓLO INDIVIDUO. PARA INTERPRETAR CORRÉCTAMENTE CONSULTE: https://www.universidata.es/anonimización","049","Universidad de Huelva","2019","724","España","150","Europa","40.463667","-3.74922","039","Europa meridional","H","Hombre","1987","3","Personal técnico de apoyo a la investigación","8","Personal técnico de apoyo","1","Organismo europeo","1","Dedicación a Tiempo Completo","23","9",,,,,,,,,,,,,"2018","2013","2","Departamento",,,"760","Química Inorgánica"
"LOS DATOS DE ESTA FILA NO CORRESPONDEN A UN SÓLO INDIVIDUO. PARA INTERPRETAR CORRÉCTAMENTE CONSULTE: https://www.universidata.es/anonimización","049","Universidad de Huelva","2019","724","España","150","Europa","40.463667","-3.74922","039","Europa meridional","M","Mujer","1990","3","Personal técnico de apoyo a la investigación","8","Personal técnico de apoyo","1","Organismo europeo","1","Dedicación a Tiempo Completo","31","0","No",,,,,,,,,,,,"2018","2008",,,,,,
"LOS DATOS DE ESTA FILA NO CORRESPONDEN A UN SÓLO INDIVIDUO. PARA INTERPRETAR CORRÉCTAMENTE CONSULTE: https://www.universidata.es/anonimización","049","Universidad de Huelva","2019","724","España","150","Europa","40.463667","-3.74922","039","Europa meridional","H","Hombre","1993","1","Investigador de convocatorias públicas competitivas de ámbito universitario, local, autonómico, estatal o internacional","2","Formación de personal investigador (FPI)","3","Administración Central","1","Dedicación a Tiempo Completo","48","9",,,,,,,,,,,,,"2018","2018",,,,,,
"LOS DATOS DE ESTA FILA NO CORRESPONDEN A UN SÓLO INDIVIDUO. PARA INTERPRETAR CORRÉCTAMENTE CONSULTE: https://www.universidata.es/anonimización","049","Universidad de Huelva","2019","724","España","150","Europa","40.463667","-3.74922","039","Europa meridional","H","Hombre","1991","3","Personal técnico de apoyo a la investigación","8","Personal técnico de apoyo","6","Universidad","1","Dedicación a Tiempo Completo","24","9",,,,,,,,,,,,,"2018","2018",,,,,,
"LOS DATOS DE ESTA FILA NO CORRESPONDEN A UN SÓLO INDIVIDUO. PARA INTERPRETAR CORRÉCTAMENTE CONSULTE: https://www.universidata.es/anonimización","049","Universidad de Huelva","2019","724","España","150","Europa","40.463667","-3.74922","039","Europa meridional","M","Mujer","1989","3","Personal técnico de apoyo a la investigación","8","Personal técnico de apoyo","6","Universidad","1","Dedicación a Tiempo Completo","18","0","No",,,,,,,,,,,,"2018","2018","2","Departamento",,,"813","Trabajo Social y Servicios Sociales"
"LOS DATOS DE ESTA FILA NO CORRESPONDEN A UN SÓLO INDIVIDUO. PARA INTERPRETAR CORRÉCTAMENTE CONSULTE: https://www.universidata.es/anonimización","049","Universidad de Huelva","2019","724","España","150","Europa","40.463667","-3.74922","039","Europa meridional","M","Mujer","1970","1","Investigador de convocatorias públicas competitivas de ámbito universitario, local, autonómico, estatal o internacional","1","Formación de profesorado universitario (FPU)","3","Administración Central","1","Dedicación a Tiempo Completo","48","9",,,,,,,,,,,,,"2018","2017",,,,,,
"LOS DATOS DE ESTA FILA NO CORRESPONDEN A UN SÓLO INDIVIDUO. PARA INTERPRETAR CORRÉCTAMENTE CONSULTE: https://www.universidata.es/anonimización","049","Universidad de Huelva","2019","724","España","150","Europa","40.463667","-3.74922","039","Europa meridional","M","Mujer","1973","1","Investigador de convocatorias públicas competitivas de ámbito universitario, local, autonómico, estatal o internacional","1","Formación de profesorado universitario (FPU)","3","Administración Central","1","Dedicación a Tiempo Completo","48","9",,,,,,,,,,,,,"2018","2018",,,,,,
"LOS DATOS DE ESTA FILA NO CORRESPONDEN A UN SÓLO INDIVIDUO. PARA INTERPRETAR CORRÉCTAMENTE CONSULTE: https://www.universidata.es/anonimización","049","Universidad de Huelva","2019","724","España","150","Europa","40.463667","-3.74922","039","Europa meridional","M","Mujer","1995","3","Personal técnico de apoyo a la investigación","8","Personal técnico de apoyo","1","Organismo europeo","1","Dedicación a Tiempo Completo","19","1","Uno","724","España","40.463667","-3.74922","150","Europa","039","Europa meridional","049","Universidad de Huelva","2017","2018","2018",,,,,,
"LOS DATOS DE ESTA FILA NO CORRESPONDEN A UN SÓLO INDIVIDUO. PARA INTERPRETAR CORRÉCTAMENTE CONSULTE: https://www.universidata.es/anonimización","049","Universidad de Huelva","2019","724","España","150","Europa","40.463667","-3.74922","039","Europa meridional","H","Hombre","1993","1","Investigador de convocatorias públicas competitivas de ámbito universitario, local, autonómico, estatal o internacional","1","Formación de profesorado universitario (FPU)","3","Administración Central","1","Dedicación a Tiempo Completo","48","1","Uno","724","España","40.463667","-3.74922","150","Europa","039","Europa meridional","049","Universidad de Huelva","2015","2018","2013",,,,,,
"LOS DATOS DE ESTA FILA NO CORRESPONDEN A UN SÓLO INDIVIDUO. PARA INTERPRETAR CORRÉCTAMENTE CONSULTE: https://www.universidata.es/anonimización","049","Universidad de Huelva","2019","724","España","150","Europa","40.463667","-3.74922","039","Europa meridional","M","Mujer","1982","3","Personal técnico de apoyo a la investigación","8","Personal técnico de apoyo","4","Administración Autonómica","1","Dedicación a Tiempo Completo","19","9",,,,,,,,,,,,,"2018","2018",,,,,,
"LOS DATOS DE ESTA FILA NO CORRESPONDEN A UN SÓLO INDIVIDUO. PARA INTERPRETAR CORRÉCTAMENTE CONSULTE: https://www.universidata.es/anonimización","049","Universidad de Huelva","2019","724","España","150","Europa","40.463667","-3.74922","039","Europa meridional","M","Mujer","1982","3","Personal técnico de apoyo a la investigación","8","Personal técnico de apoyo","1","Organismo europeo","1","Dedicación a Tiempo Completo","16","0","No",,,,,,,,,,,,"2018","2018","2","Departamento",,,"120","Cristalografía y Mineralogía"
"LOS DATOS DE ESTA FILA NO CORRESPONDEN A UN SÓLO INDIVIDUO. PARA INTERPRETAR CORRÉCTAMENTE CONSULTE: https://www.universidata.es/anonimización","049","Universidad de Huelva","2019","724","España","150","Europa","40.463667","-3.74922","039","Europa meridional","H","Hombre","1985","3","Personal técnico de apoyo a la investigación","8","Personal técnico de apoyo","3","Administración Central","1","Dedicación a Tiempo Completo","24","1","Uno","724","España","40.463667","-3.74922","150","Europa","039","Europa meridional","049","Universidad de Huelva","2011","2018","2009",,,,,,
"LOS DATOS DE ESTA FILA NO CORRESPONDEN A UN SÓLO INDIVIDUO. PARA INTERPRETAR CORRÉCTAMENTE CONSULTE: https://www.universidata.es/anonimización","049","Universidad de Huelva","2019","724","España","150","Europa","40.463667","-3.74922","039","Europa meridional","M","Mujer","1976","3","Personal técnico de apoyo a la investigación","8","Personal técnico de apoyo","6","Universidad","1","Dedicación a Tiempo Completo","67","0","No",,,,,,,,,,,,"2014","2013",,,,,,
"LOS DATOS DE ESTA FILA NO CORRESPONDEN A UN SÓLO INDIVIDUO. PARA INTERPRETAR CORRÉCTAMENTE CONSULTE: https://www.universidata.es/anonimización","049","Universidad de Huelva","2019","250","Francia","150","Europa","46.227638","2.213749","155","Europa occidental","M","Mujer","1981","3","Personal técnico de apoyo a la investigación","8","Personal técnico de apoyo","4","Administración Autonómica","2","Dedicación a Tiempo Parcial","12","9",,,,,,,,,,,,,"2019","2019",,,,,,
"LOS DATOS DE ESTA FILA NO CORRESPONDEN A UN SÓLO INDIVIDUO. PARA INTERPRETAR CORRÉCTAMENTE CONSULTE: https://www.universidata.es/anonimización","049","Universidad de Huelva","2019","724","España","150","Europa","40.463667","-3.74922","039","Europa meridional","M","Mujer","1989","1","Investigador de convocatorias públicas competitivas de ámbito universitario, local, autonómico, estatal o internacional","3","Otro investigador predoctoral (ya sea en formación o en contratación)","6","Universidad","1","Dedicación a Tiempo Completo","36","1","Uno","724","España","40.463667","-3.74922","150","Europa","039","Europa meridional","049","Universidad de Huelva","2016","2017","2017","2","Departamento",,,"225","Economía Aplicada "
"LOS DATOS DE ESTA FILA NO CORRESPONDEN A UN SÓLO INDIVIDUO. PARA INTERPRETAR CORRÉCTAMENTE CONSULTE: https://www.universidata.es/anonimización","049","Universidad de Huelva","2019","724","España","150","Europa","40.463667","-3.74922","039","Europa meridional","H","Hombre","1991","3","Personal técnico de apoyo a la investigación","8","Personal técnico de apoyo","1","Organismo europeo","1","Dedicación a Tiempo Completo","26","9",,,,,,,,,,,,,"2017","2017",,,,,,
"LOS DATOS DE ESTA FILA NO CORRESPONDEN A UN SÓLO INDIVIDUO. PARA INTERPRETAR CORRÉCTAMENTE CONSULTE: https://www.universidata.es/anonimización","049","Universidad de Huelva","2019","724","España","150","Europa","40.463667","-3.74922","039","Europa meridional","M","Mujer","1977","1","Investigador de convocatorias públicas competitivas de ámbito universitario, local, autonómico, estatal o internacional","2","Formación de personal investigador (FPI)","3","Administración Central","1","Dedicación a Tiempo Completo","48","0","No",,,,,,,,,,,,"2017","2017",,,,,,
"LOS DATOS DE ESTA FILA NO CORRESPONDEN A UN SÓLO INDIVIDUO. PARA INTERPRETAR CORRÉCTAMENTE CONSULTE: https://www.universidata.es/anonimización","049","Universidad de Huelva","2019","724","España","150","Europa","40.463667","-3.74922","039","Europa meridional","M","Mujer","1990","1","Investigador de convocatorias públicas competitivas de ámbito universitario, local, autonómico, estatal o internacional","1","Formación de profesorado universitario (FPU)","3","Administración Central","1","Dedicación a Tiempo Completo","48","9",,,,,,,,,,,,,"2017","2017","2","Departamento",,,"555","Ingeniería Química"
"LOS DATOS DE ESTA FILA NO CORRESPONDEN A UN SÓLO INDIVIDUO. PARA INTERPRETAR CORRÉCTAMENTE CONSULTE: https://www.universidata.es/anonimización","049","Universidad de Huelva","2019","724","España","150","Europa","40.463667","-3.74922","039","Europa meridional","M","Mujer","1991","1","Investigador de convocatorias públicas competitivas de ámbito universitario, local, autonómico, estatal o internacional","2","Formación de personal investigador (FPI)","3","Administración Central","1","Dedicación a Tiempo Completo","48","0","No",,,,,,,,,,,,"2017","2006","2","Departamento",,,"775","Sociología"
"LOS DATOS DE ESTA FILA NO CORRESPONDEN A UN SÓLO INDIVIDUO. PARA INTERPRETAR CORRÉCTAMENTE CONSULTE: https://www.universidata.es/anonimización","049","Universidad de Huelva","2019","724","España","150","Europa","40.463667","-3.74922","039","Europa meridional","M","Mujer","1990","3","Personal técnico de apoyo a la investigación","8","Personal técnico de apoyo","3","Administración Central","1","Dedicación a Tiempo Completo","36","0","No",,,,,,,,,,,,"2017","2017","2","Departamento","55003970","QUIMICA.PROF. JOSE CARLOS VILCHEZ MARTIN","750","Química Analítica"
"LOS DATOS DE ESTA FILA NO CORRESPONDEN A UN SÓLO INDIVIDUO. PARA INTERPRETAR CORRÉCTAMENTE CONSULTE: https://www.universidata.es/anonimización","049","Universidad de Huelva","2019","724","España","150","Europa","40.463667","-3.74922","039","Europa meridional","H","Hombre","1988","1","Investigador de convocatorias públicas competitivas de ámbito universitario, local, autonómico, estatal o internacional","1","Formación de profesorado universitario (FPU)","3","Administración Central","1","Dedicación a Tiempo Completo","44","9",,,,,,,,,,,,,"2017","2016",,,,,,
"LOS DATOS DE ESTA FILA NO CORRESPONDEN A UN SÓLO INDIVIDUO. PARA INTERPRETAR CORRÉCTAMENTE CONSULTE: https://www.universidata.es/anonimización","049","Universidad de Huelva","2019","724","España","150","Europa","40.463667","-3.74922","039","Europa meridional","M","Mujer","1991","1","Investigador de convocatorias públicas competitivas de ámbito universitario, local, autonómico, estatal o internacional","3","Otro investigador predoctoral (ya sea en formación o en contratación)","6","Universidad","1","Dedicación a Tiempo Completo","41","0","No",,,,,,,,,,,,"2017","2016",,,,,,
"LOS DATOS DE ESTA FILA NO CORRESPONDEN A UN SÓLO INDIVIDUO. PARA INTERPRETAR CORRÉCTAMENTE CONSULTE: https://www.universidata.es/anonimización","049","Universidad de Huelva","2019","724","España","150","Europa","40.463667","-3.74922","039","Europa meridional","M","Mujer","1992","1","Investigador de convocatorias públicas competitivas de ámbito universitario, local, autonómico, estatal o internacional","7","Otro investigador postdoctoral (ya sea en formación o en contratación)","3","Administración Central","1","Dedicación a Tiempo Completo","39","0","No",,,,,,,,,,,,"2017","2015","2","Departamento",,,"583","Literatura Española"
"LOS DATOS DE ESTA FILA NO CORRESPONDEN A UN SÓLO INDIVIDUO. PARA INTERPRETAR CORRÉCTAMENTE CONSULTE: https://www.universidata.es/anonimización","049","Universidad de Huelva","2019","724","España","150","Europa","40.463667","-3.74922","039","Europa meridional","H","Hombre","1980","3","Personal técnico de apoyo a la investigación","8","Personal técnico de apoyo","1","Organismo europeo","1","Dedicación a Tiempo Completo","26","0","No",,,,,,,,,,,,"2017","2013",,,,,,
"LOS DATOS DE ESTA FILA NO CORRESPONDEN A UN SÓLO INDIVIDUO. PARA INTERPRETAR CORRÉCTAMENTE CONSULTE: https://www.universidata.es/anonimización","049","Universidad de Huelva","2019","724","España","150","Europa","40.463667","-3.74922","039","Europa meridional","M","Mujer","1993","1","Investigador de convocatorias públicas competitivas de ámbito universitario, local, autonómico, estatal o internacional","1","Formación de profesorado universitario (FPU)","3","Administración Central","1","Dedicación a Tiempo Completo","48","0","No",,,,,,,,,,,,"2017","2009","2","Departamento",,,"215","Didáctica y Organización Escolar"
"LOS DATOS DE ESTA FILA NO CORRESPONDEN A UN SÓLO INDIVIDUO. PARA INTERPRETAR CORRÉCTAMENTE CONSULTE: https://www.universidata.es/anonimización","049","Universidad de Huelva","2019","724","España","150","Europa","40.463667","-3.74922","039","Europa meridional","M","Mujer","1990","3","Personal técnico de apoyo a la investigación","8","Personal técnico de apoyo","6","Universidad","1","Dedicación a Tiempo Completo","35","9",,,,,,,,,,,,,"2017","2017","2","Departamento",,,"385","Física Aplicada"
"LOS DATOS DE ESTA FILA NO CORRESPONDEN A UN SÓLO INDIVIDUO. PARA INTERPRETAR CORRÉCTAMENTE CONSULTE: https://www.universidata.es/anonimización","049","Universidad de Huelva","2019","724","España","150","Europa","40.463667","-3.74922","039","Europa meridional","H","Hombre","1990","3","Personal técnico de apoyo a la investigación","8","Personal técnico de apoyo","1","Organismo europeo","2","Dedicación a Tiempo Parcial","26","0","No",,,,,,,,,,,,"2017","2017","2","Departamento",,,"060","Bioquímica y Biología Molecular"
"LOS DATOS DE ESTA FILA NO CORRESPONDEN A UN SÓLO INDIVIDUO. PARA INTERPRETAR CORRÉCTAMENTE CONSULTE: https://www.universidata.es/anonimización","049","Universidad de Huelva","2019","724","España","150","Europa","40.463667","-3.74922","039","Europa meridional","H","Hombre","1985","3","Personal técnico de apoyo a la investigación","8","Personal técnico de apoyo","1","Organismo europeo","1","Dedicación a Tiempo Completo","26","0","No",,,,,,,,,,,,"2017","2017",,,,,,
"LOS DATOS DE ESTA FILA NO CORRESPONDEN A UN SÓLO INDIVIDUO. PARA INTERPRETAR CORRÉCTAMENTE CONSULTE: https://www.universidata.es/anonimización","049","Universidad de Huelva","2019","724","España","150","Europa","40.463667","-3.74922","039","Europa meridional","H","Hombre","1985","3","Personal técnico de apoyo a la investigación","8","Personal técnico de apoyo","1","Organismo europeo","1","Dedicación a Tiempo Completo","26","0","No",,,,,,,,,,,,"2017","2017","2","Departamento",,,"490","Historia Moderna"
"LOS DATOS DE ESTA FILA NO CORRESPONDEN A UN SÓLO INDIVIDUO. PARA INTERPRETAR CORRÉCTAMENTE CONSULTE: https://www.universidata.es/anonimización","049","Universidad de Huelva","2019","724","España","150","Europa","40.463667","-3.74922","039","Europa meridional","M","Mujer","1989","1","Investigador de convocatorias públicas competitivas de ámbito universitario, local, autonómico, estatal o internacional","3","Otro investigador predoctoral (ya sea en formación o en contratación)","6","Universidad","1","Dedicación a Tiempo Completo","41","0","No",,,,,,,,,,,,"2017","2011",,,,,,
"LOS DATOS DE ESTA FILA NO CORRESPONDEN A UN SÓLO INDIVIDUO. PARA INTERPRETAR CORRÉCTAMENTE CONSULTE: https://www.universidata.es/anonimización","049","Universidad de Huelva","2019","724","España","150","Europa","40.463667","-3.74922","039","Europa meridional","M","Mujer","1971","3","Personal técnico de apoyo a la investigación","8","Personal técnico de apoyo","5","Administración Local","1","Dedicación a Tiempo Completo","42","0","No",,,,,,,,,,,,"2017","2017","2","Departamento","55003970","QUIMICA.PROF. JOSE CARLOS VILCHEZ MARTIN","750","Química Analítica"
"LOS DATOS DE ESTA FILA NO CORRESPONDEN A UN SÓLO INDIVIDUO. PARA INTERPRETAR CORRÉCTAMENTE CONSULTE: https://www.universidata.es/anonimización","049","Universidad de Huelva","2019","724","España","150","Europa","40.463667","-3.74922","039","Europa meridional","M","Mujer","1994","3","Personal técnico de apoyo a la investigación","8","Personal técnico de apoyo","3","Administración Central","1","Dedicación a Tiempo Completo","41","1","Uno","724","España","40.463667","-3.74922","150","Europa","039","Europa meridional","049","Universidad de Huelva","2020","2017","2017","2","Departamento",,,"210","Didáctica de las Ciencias Sociales"
"LOS DATOS DE ESTA FILA NO CORRESPONDEN A UN SÓLO INDIVIDUO. PARA INTERPRETAR CORRÉCTAMENTE CONSULTE: https://www.universidata.es/anonimización","049","Universidad de Huelva","2019","724","España","150","Europa","40.463667","-3.74922","039","Europa meridional","H","Hombre","1972","1","Investigador de convocatorias públicas competitivas de ámbito universitario, local, autonómico, estatal o internacional","3","Otro investigador predoctoral (ya sea en formación o en contratación)","6","Universidad","1","Dedicación a Tiempo Completo","41","1","Uno","724","España","40.463667","-3.74922","150","Europa","039","Europa meridional","049","Universidad de Huelva","2009","2017","2017",,,,,,
"LOS DATOS DE ESTA FILA NO CORRESPONDEN A UN SÓLO INDIVIDUO. PARA INTERPRETAR CORRÉCTAMENTE CONSULTE: https://www.universidata.es/anonimización","049","Universidad de Huelva","2019","724","España","150","Europa","40.463667","-3.74922","039","Europa meridional","M","Mujer","1991","1","Investigador de convocatorias públicas competitivas de ámbito universitario, local, autonómico, estatal o internacional","2","Formación de personal investigador (FPI)","3","Administración Central","1","Dedicación a Tiempo Completo","48","0","No",,,,,,,,,,,,"2017","2014",,,,,,
"LOS DATOS DE ESTA FILA NO CORRESPONDEN A UN SÓLO INDIVIDUO. PARA INTERPRETAR CORRÉCTAMENTE CONSULTE: https://www.universidata.es/anonimización","049","Universidad de Huelva","2019","724","España","150","Europa","40.463667","-3.74922","039","Europa meridional","M","Mujer","1979","1","Investigador de convocatorias públicas competitivas de ámbito universitario, local, autonómico, estatal o internacional","1","Formación de profesorado universitario (FPU)","3","Administración Central","1","Dedicación a Tiempo Completo","48","0","No",,,,,,,,,,,,"2017","2014","2","Departamento",,,"583","Literatura Española"
"LOS DATOS DE ESTA FILA NO CORRESPONDEN A UN SÓLO INDIVIDUO. PARA INTERPRETAR CORRÉCTAMENTE CONSULTE: https://www.universidata.es/anonimización","049","Universidad de Huelva","2019","724","España","150","Europa","40.463667","-3.74922","039","Europa meridional","M","Mujer","1992","1","Investigador de convocatorias públicas competitivas de ámbito universitario, local, autonómico, estatal o internacional","1","Formación de profesorado universitario (FPU)","3","Administración Central","1","Dedicación a Tiempo Completo","48","9",,,,,,,,,,,,,"2017","2011","2","Departamento","55003970","QUIMICA.PROF. JOSE CARLOS VILCHEZ MARTIN","060","Bioquímica y Biología Molecular"
"LOS DATOS DE ESTA FILA NO CORRESPONDEN A UN SÓLO INDIVIDUO. PARA INTERPRETAR CORRÉCTAMENTE CONSULTE: https://www.universidata.es/anonimización","049","Universidad de Huelva","2019","724","España","150","Europa","40.463667","-3.74922","039","Europa meridional","H","Hombre","1986","1","Investigador de convocatorias públicas competitivas de ámbito universitario, local, autonómico, estatal o internacional","3","Otro investigador predoctoral (ya sea en formación o en contratación)","6","Universidad","1","Dedicación a Tiempo Completo","36","9",,,,,,,,,,,,,"2017","2003","2","Departamento",,,"225","Economía Aplicada "
"LOS DATOS DE ESTA FILA NO CORRESPONDEN A UN SÓLO INDIVIDUO. PARA INTERPRETAR CORRÉCTAMENTE CONSULTE: https://www.universidata.es/anonimización","049","Universidad de Huelva","2019","724","España","150","Europa","40.463667","-3.74922","039","Europa meridional","M","Mujer","1993","1","Investigador de convocatorias públicas competitivas de ámbito universitario, local, autonómico, estatal o internacional","2","Formación de personal investigador (FPI)","3","Administración Central","1","Dedicación a Tiempo Completo","53","9",,,,,,,,,,,,,"2016","2016","2","Departamento",,,"813","Trabajo Social y Servicios Sociales"
"LOS DATOS DE ESTA FILA NO CORRESPONDEN A UN SÓLO INDIVIDUO. PARA INTERPRETAR CORRÉCTAMENTE CONSULTE: https://www.universidata.es/anonimización","049","Universidad de Huelva","2019","724","España","150","Europa","40.463667","-3.74922","039","Europa meridional","H","Hombre","1982","3","Personal técnico de apoyo a la investigación","8","Personal técnico de apoyo","3","Administración Central","2","Dedicación a Tiempo Parcial","38","9",,,,,,,,,,,,,"2016","2016","2","Departamento",,,"470","Historia del Derecho y de las Instituciones"
"LOS DATOS DE ESTA FILA NO CORRESPONDEN A UN SÓLO INDIVIDUO. PARA INTERPRETAR CORRÉCTAMENTE CONSULTE: https://www.universidata.es/anonimización","049","Universidad de Huelva","2019","724","España","150","Europa","40.463667","-3.74922","039","Europa meridional","H","Hombre","1991","1","Investigador de convocatorias públicas competitivas de ámbito universitario, local, autonómico, estatal o internacional","1","Formación de profesorado universitario (FPU)","3","Administración Central","1","Dedicación a Tiempo Completo","48","0","No",,,,,,,,,,,,"2016","2016",,,,,,
"LOS DATOS DE ESTA FILA NO CORRESPONDEN A UN SÓLO INDIVIDUO. PARA INTERPRETAR CORRÉCTAMENTE CONSULTE: https://www.universidata.es/anonimización","049","Universidad de Huelva","2019","724","España","150","Europa","40.463667","-3.74922","039","Europa meridional","H","Hombre","1984","1","Investigador de convocatorias públicas competitivas de ámbito universitario, local, autonómico, estatal o internacional","1","Formación de profesorado universitario (FPU)","3","Administración Central","1","Dedicación a Tiempo Completo","51","9",,,,,,,,,,,,,"2016","2016","2","Departamento",,,"760","Química Inorgánica"
"LOS DATOS DE ESTA FILA NO CORRESPONDEN A UN SÓLO INDIVIDUO. PARA INTERPRETAR CORRÉCTAMENTE CONSULTE: https://www.universidata.es/anonimización","049","Universidad de Huelva","2019","724","España","150","Europa","40.463667","-3.74922","039","Europa meridional","M","Mujer","1975","1","Investigador de convocatorias públicas competitivas de ámbito universitario, local, autonómico, estatal o internacional","1","Formación de profesorado universitario (FPU)","3","Administración Central","1","Dedicación a Tiempo Completo","51","9",,,,,,,,,,,,,"2016","2016","2","Departamento",,,"385","Física Aplicada"
"LOS DATOS DE ESTA FILA NO CORRESPONDEN A UN SÓLO INDIVIDUO. PARA INTERPRETAR CORRÉCTAMENTE CONSULTE: https://www.universidata.es/anonimización","049","Universidad de Huelva","2019","218","Ecuador","019","Américas","-1.831239","-78.183406","419","América Latina y el Caribe","M","Mujer","1983","3","Personal técnico de apoyo a la investigación","8","Personal técnico de apoyo","1","Organismo europeo","1","Dedicación a Tiempo Completo","8","9",,,,,,,,,,,,,"2019","2019",,,,,,
