id_muestra_titulacion,curso_academico,cod_universidad,des_universidad,URI_universidad,wikidata_universidad,des_tipo_estudio,des_tipo_unidad_responsable,des_unidad_responsable,wikidata_unidad_responsable,cod_unidad_responsable,cod_titulacion,des_titulacion,des_rama,des_interuniversitario,ind_rol_coordinacion,ind_impartido,anio_inicio,des_situacion_actual,des_grado_presencialidad,cod_idioma_extranjero,des_idioma_extranjero,precio_credito_1,precio_credito_2,precio_credito_3,precio_credito_4,precio_credito_5,precio_tutela,num_creditos_necesarios,num_creditos_ofertados
UHU-6bfa1caeb21bced2b58d3a75ed4b3d2e,2019-20,049,Universidad De Huelva,http://www.semanticweb.org/universidata/resource/universidad/universidad-de-huelva,https://www.wikidata.org/wiki/Q478464,Grado,Centro,Facultad De Humanidades,,21005964,2501839,Grado En Historia,Artes Y Humanidades,No Es Interuniversitario,,true,2010,Activo,Estudio Presencial,0,No Se Oferta En Idioma Extranjero,12.62,25.25,48.13,64.17,,,240,300
UHU-7996ddce1d193d28b0391c965f7e97b3,2019-20,049,Universidad De Huelva,http://www.semanticweb.org/universidata/resource/universidad/universidad-de-huelva,https://www.wikidata.org/wiki/Q478464,Grado,Centro,Facultad De Humanidades,,21005964,2501838,Grado En Filologia Hispanica,Artes Y Humanidades,No Es Interuniversitario,,true,2010,Activo,Estudio Presencial,0,No Se Oferta En Idioma Extranjero,12.62,25.25,48.13,64.17,,,240,342
UHU-7af4e500a65f6cb9dc7ea85b499414a3,2019-20,049,Universidad De Huelva,http://www.semanticweb.org/universidata/resource/universidad/universidad-de-huelva,https://www.wikidata.org/wiki/Q478464,Grado,Centro,Facultad De Humanidades,,21005964,2501837,Grado En Estudios Ingleses,Artes Y Humanidades,No Es Interuniversitario,,true,2010,Activo,Estudio Presencial,0,No Se Oferta En Idioma Extranjero,12.62,25.25,48.13,64.17,,,240,330
UHU-4b5fb7b933a3d75500b0516503aae97d,2019-20,049,Universidad De Huelva,http://www.semanticweb.org/universidata/resource/universidad/universidad-de-huelva,https://www.wikidata.org/wiki/Q478464,Grado,Centro,Facultad De Humanidades,,21005964,2502764,Grado En Gestion Cultural,Artes Y Humanidades,No Es Interuniversitario,,true,2012,Activo,Estudio Presencial,0,No Se Oferta En Idioma Extranjero,12.62,25.25,48.13,64.17,,,240,321
UHU-0877531f9093e7d90bf7e1185209785a,2019-20,049,Universidad De Huelva,http://www.semanticweb.org/universidata/resource/universidad/universidad-de-huelva,https://www.wikidata.org/wiki/Q478464,Grado,Centro,Facultad De Humanidades,,21005964,2502900,Grado En Humanidades,Artes Y Humanidades,No Es Interuniversitario,,true,2013,Activo,Estudio Presencial,0,No Se Oferta En Idioma Extranjero,12.62,25.25,48.13,64.17,,,240,318
UHU-f5547fa9b08ddcd0dcb11fc0a711b73c,2019-20,049,Universidad De Huelva,http://www.semanticweb.org/universidata/resource/universidad/universidad-de-huelva,https://www.wikidata.org/wiki/Q478464,Grado,Centro,"Facultad De Educacion, Psicologia Y Ciencas Del Deporte",,21005952,2501845,Grado En Educacion Infantil,Ciencias Sociales Y Juridicas,No Es Interuniversitario,,true,2010,Activo,Estudio Presencial,0,No Se Oferta En Idioma Extranjero,12.62,25.25,50.84,67.79,,,240,306
UHU-ea6bd2b96781f65efe6cf21c8a21252f,2019-20,049,Universidad De Huelva,http://www.semanticweb.org/universidata/resource/universidad/universidad-de-huelva,https://www.wikidata.org/wiki/Q478464,Grado,Centro,"Facultad De Educacion, Psicologia Y Ciencas Del Deporte",,21005952,2501846,Grado En Educacion Primaria,Ciencias Sociales Y Juridicas,No Es Interuniversitario,,true,2010,Activo,Estudio Presencial,0,No Se Oferta En Idioma Extranjero,12.62,25.25,50.84,67.79,,,240,366
UHU-51dd14e72c766d629fa148ceb6b88c2b,2019-20,049,Universidad De Huelva,http://www.semanticweb.org/universidata/resource/universidad/universidad-de-huelva,https://www.wikidata.org/wiki/Q478464,Grado,Centro,"Facultad De Educacion, Psicologia Y Ciencas Del Deporte",,21005952,2501843,Grado En Educacion Social,Ciencias Sociales Y Juridicas,No Es Interuniversitario,,true,2010,Activo,Estudio Presencial,0,No Se Oferta En Idioma Extranjero,12.62,25.25,50.84,67.79,,,240,318
UHU-f23147198fbbf4683541c2c88e9b03e5,2019-20,049,Universidad De Huelva,http://www.semanticweb.org/universidata/resource/universidad/universidad-de-huelva,https://www.wikidata.org/wiki/Q478464,Grado,Centro,"Facultad De Educacion, Psicologia Y Ciencas Del Deporte",,21005952,2501840,Grado En Psicologia,Ciencias De La Salud,No Es Interuniversitario,,true,2010,Activo,Estudio Presencial,0,No Se Oferta En Idioma Extranjero,12.62,25.25,54.71,75.75,,,240,296
UHU-8797cbdb7acb0eb7b30bb6c929db2468,2019-20,049,Universidad De Huelva,http://www.semanticweb.org/universidata/resource/universidad/universidad-de-huelva,https://www.wikidata.org/wiki/Q478464,Grado,Centro,"Facultad De Educacion, Psicologia Y Ciencas Del Deporte",,21005952,2502566,Grado En Ciencias De La Actividad Fisica Y Del Deporte,Ciencias Sociales Y Juridicas,No Es Interuniversitario,,true,2011,Activo,Estudio Presencial,0,No Se Oferta En Idioma Extranjero,12.62,25.25,50.84,67.79,,,240,300
UHU-4aec31d9ea077890fc64ba3aaf3e07df,2019-20,049,Universidad De Huelva,http://www.semanticweb.org/universidata/resource/universidad/universidad-de-huelva,https://www.wikidata.org/wiki/Q478464,Grado,Centro,Facultad De Enfermeria,,21003359,2501146,Grado En Enfermeria,Ciencias De La Salud,No Es Interuniversitario,,true,2009,Activo,Estudio Presencial,0,No Se Oferta En Idioma Extranjero,12.62,25.25,54.71,75.75,,,240,252
UHU-eb2ef96d73ec8b1a3893254cd1358815,2019-20,049,Universidad De Huelva,http://www.semanticweb.org/universidata/resource/universidad/universidad-de-huelva,https://www.wikidata.org/wiki/Q478464,Grado,Centro,Facultad De Trabajo Social,,21004376,2501148,Grado En Trabajo Social,Ciencias Sociales Y Juridicas,No Es Interuniversitario,,true,2009,Activo,Estudio Presencial,0,No Se Oferta En Idioma Extranjero,12.62,25.25,48.13,64.17,,,240,294
UHU-b7a68813ab8e8df557235164286c2251,2019-20,049,Universidad De Huelva,http://www.semanticweb.org/universidata/resource/universidad/universidad-de-huelva,https://www.wikidata.org/wiki/Q478464,Grado,Centro,Facultad De Ciencias Del Trabajo,,21005812,2501147,Grado En Relaciones Laborales Y Recursos Humanos,Ciencias Sociales Y Juridicas,No Es Interuniversitario,,true,2009,Activo,Varias Modalidades,0,No Se Oferta En Idioma Extranjero,12.62,25.25,48.13,64.17,,,240,288
UHU-d019e968c62c7b643f4168c5a516f3bf,2019-20,049,Universidad De Huelva,http://www.semanticweb.org/universidata/resource/universidad/universidad-de-huelva,https://www.wikidata.org/wiki/Q478464,Grado,Centro,Escuela Tecnica Superior De Ingenieria,,21003414,2501853,Grado En Ingenieria Informatica,Ingenieria Y Arquitectura,No Es Interuniversitario,,true,2010,Activo,Estudio Presencial,0,No Se Oferta En Idioma Extranjero,12.62,25.25,54.71,75.75,,,240,384
UHU-b74c91af2c72427ac8de9bc51414d0f7,2019-20,049,Universidad De Huelva,http://www.semanticweb.org/universidata/resource/universidad/universidad-de-huelva,https://www.wikidata.org/wiki/Q478464,Grado,Centro,Escuela Tecnica Superior De Ingenieria,,21003414,2501849,Grado En Ingenieria Agricola,Ingenieria Y Arquitectura,No Es Interuniversitario,,true,2010,Activo,Estudio Presencial,0,No Se Oferta En Idioma Extranjero,12.62,25.25,54.71,75.75,,,240,312
UHU-7e2e1261cb54a44207655bddafd62887,2019-20,049,Universidad De Huelva,http://www.semanticweb.org/universidata/resource/universidad/universidad-de-huelva,https://www.wikidata.org/wiki/Q478464,Grado,Centro,Escuela Tecnica Superior De Ingenieria,,21003414,2501855,Grado En Ingenieria Quimica Industrial,Ingenieria Y Arquitectura,No Es Interuniversitario,,true,2010,Activo,Estudio Presencial,0,No Se Oferta En Idioma Extranjero,12.62,25.25,54.71,75.75,,,240,282
UHU-37ec956d984fbd9debcaa0ee85f7d3b2,2019-20,049,Universidad De Huelva,http://www.semanticweb.org/universidata/resource/universidad/universidad-de-huelva,https://www.wikidata.org/wiki/Q478464,Grado,Centro,Escuela Tecnica Superior De Ingenieria,,21003414,2501850,Grado En Ingenieria Electrica,Ingenieria Y Arquitectura,No Es Interuniversitario,,true,2010,Activo,Estudio Presencial,0,No Se Oferta En Idioma Extranjero,12.62,25.25,54.71,75.75,,,240,270
UHU-aa1b749761fac467e7c4c95a346fbd55,2019-20,049,Universidad De Huelva,http://www.semanticweb.org/universidata/resource/universidad/universidad-de-huelva,https://www.wikidata.org/wiki/Q478464,Grado,Centro,Escuela Tecnica Superior De Ingenieria,,21003414,2501854,Grado En Ingenieria Mecanica,Ingenieria Y Arquitectura,No Es Interuniversitario,,true,2010,Activo,Estudio Presencial,0,No Se Oferta En Idioma Extranjero,12.62,25.25,54.71,75.75,,,240,282
UHU-3c46e394ed06ce4ed251b101024e056d,2019-20,049,Universidad De Huelva,http://www.semanticweb.org/universidata/resource/universidad/universidad-de-huelva,https://www.wikidata.org/wiki/Q478464,Grado,Centro,Escuela Tecnica Superior De Ingenieria,,21003414,2501852,Grado En Ingenieria Forestal Y Del Medio Natural,Ingenieria Y Arquitectura,No Es Interuniversitario,,true,2010,Activo,Estudio Presencial,0,No Se Oferta En Idioma Extranjero,12.62,25.25,54.71,75.75,,,240,285
UHU-aafe03f235555b8dc76a2b3c45ed6819,2019-20,049,Universidad De Huelva,http://www.semanticweb.org/universidata/resource/universidad/universidad-de-huelva,https://www.wikidata.org/wiki/Q478464,Grado,Centro,Escuela Tecnica Superior De Ingenieria,,21003414,2501851,Grado En Ingenieria Electronica Industrial,Ingenieria Y Arquitectura,No Es Interuniversitario,,true,2010,Activo,Estudio Presencial,0,No Se Oferta En Idioma Extranjero,12.62,25.25,54.71,75.75,,,240,282
UHU-84fb31fa56d5b5c8308786a97b205e79,2019-20,049,Universidad De Huelva,http://www.semanticweb.org/universidata/resource/universidad/universidad-de-huelva,https://www.wikidata.org/wiki/Q478464,Grado,Centro,Escuela Tecnica Superior De Ingenieria,,21003414,2502578,Grado En Ingenieria Energetica,Ingenieria Y Arquitectura,No Es Interuniversitario,,true,2011,Activo,Estudio Presencial,0,No Se Oferta En Idioma Extranjero,12.62,25.25,54.71,75.75,,,240,282
UHU-62655e162f19031d075ad589e34d2f3b,2019-20,049,Universidad De Huelva,http://www.semanticweb.org/universidata/resource/universidad/universidad-de-huelva,https://www.wikidata.org/wiki/Q478464,Grado,Centro,Escuela Tecnica Superior De Ingenieria,,21003414,2501848,Grado En Ingenieria En Explotacion De Minas Y Recursos Energeticos,Ingenieria Y Arquitectura,No Es Interuniversitario,,true,2010,Activo,Estudio Presencial,0,No Se Oferta En Idioma Extranjero,12.62,25.25,54.71,75.75,,,240,300
UHU-6931632600830475814c591281a29dc6,2019-20,049,Universidad De Huelva,http://www.semanticweb.org/universidata/resource/universidad/universidad-de-huelva,https://www.wikidata.org/wiki/Q478464,Grado,Centro,Facultad De Ciencias Experimentales,,21004522,2501145,Grado En Quimica,Ciencias,No Es Interuniversitario,,true,2009,Activo,Estudio Presencial,0,No Se Oferta En Idioma Extranjero,12.62,25.25,54.71,75.75,,,240,276
UHU-67aa0a8ce3c599d18fa2637d055ec92a,2019-20,049,Universidad De Huelva,http://www.semanticweb.org/universidata/resource/universidad/universidad-de-huelva,https://www.wikidata.org/wiki/Q478464,Grado,Centro,Facultad De Ciencias Experimentales,,21004522,2501144,Grado En Geologia,Ciencias,No Es Interuniversitario,,true,2009,Activo,Estudio Presencial,0,No Se Oferta En Idioma Extranjero,12.62,25.25,54.71,75.75,,,240,294
UHU-cd39db1cd9eafe949fd54040a109461d,2019-20,049,Universidad De Huelva,http://www.semanticweb.org/universidata/resource/universidad/universidad-de-huelva,https://www.wikidata.org/wiki/Q478464,Grado,Centro,Facultad De Ciencias Experimentales,,21004522,2501143,Grado En Ciencias Ambientales,Ciencias,No Es Interuniversitario,,true,2009,Activo,Estudio Presencial,0,No Se Oferta En Idioma Extranjero,12.62,25.25,54.71,75.75,,,240,294
UHU-6d11eae8d355db52d0eb37f4cec72067,2019-20,049,Universidad De Huelva,http://www.semanticweb.org/universidata/resource/universidad/universidad-de-huelva,https://www.wikidata.org/wiki/Q478464,Grado,Centro,Facultad De Derecho,,21005976,2501256,Grado En Derecho,Ciencias Sociales Y Juridicas,No Es Interuniversitario,,true,2009,Activo,Estudio Presencial,0,No Se Oferta En Idioma Extranjero,12.62,25.25,48.13,64.17,,,240,300
UHU-61ec1b8919022d56f03c4048ce361ca0,2019-20,049,Universidad De Huelva,http://www.semanticweb.org/universidata/resource/universidad/universidad-de-huelva,https://www.wikidata.org/wiki/Q478464,Grado,Centro,Facultad De Ciencias Empresariales Y Turismo,,21005988,2501841,Grado En Administracion Y Direccion De Empresas,Ciencias Sociales Y Juridicas,No Es Interuniversitario,,true,2010,Activo,Estudio Presencial,0,No Se Oferta En Idioma Extranjero,12.62,25.25,48.13,64.17,,,240,300
UHU-c55d5077fac5211f7869d5b299e033ff,2019-20,049,Universidad De Huelva,http://www.semanticweb.org/universidata/resource/universidad/universidad-de-huelva,https://www.wikidata.org/wiki/Q478464,Grado,Centro,Facultad De Ciencias Empresariales Y Turismo,,21005988,2501844,Grado En Finanzas Y Contabilidad,Ciencias Sociales Y Juridicas,No Es Interuniversitario,,true,2010,Activo,Estudio Presencial,0,No Se Oferta En Idioma Extranjero,12.62,25.25,48.13,64.17,,,240,288
UHU-24ef954527aaf908ecfee679a5eb2ba7,2019-20,049,Universidad De Huelva,http://www.semanticweb.org/universidata/resource/universidad/universidad-de-huelva,https://www.wikidata.org/wiki/Q478464,Grado,Centro,Facultad De Ciencias Empresariales Y Turismo,,21005988,2501847,Grado En Turismo,Ciencias Sociales Y Juridicas,No Es Interuniversitario,,true,2010,Activo,Estudio Presencial,0,No Se Oferta En Idioma Extranjero,12.62,25.25,48.13,64.17,,,240,300
UHU-7a94fe425c4bc5009524d25138d1c59e,2019-20,049,Universidad De Huelva,http://www.semanticweb.org/universidata/resource/universidad/universidad-de-huelva,https://www.wikidata.org/wiki/Q478464,Grado,Centro,"Facultad De Educacion, Psicologia Y Ciencas Del Deporte",,21005952,7500101,Doble Master En Profesorado + Investigacion En Educacion Fisica Y Ciencias Del Deporte,Ciencias Sociales Y Juridicas,No Es Interuniversitario,,true,2016,Activo,Estudio Presencial,0,No Se Oferta En Idioma Extranjero,,,,,,,96,96
UHU-d01c8ff864e8f3f1d3658fb49e85488a,2019-20,049,Universidad De Huelva,http://www.semanticweb.org/universidata/resource/universidad/universidad-de-huelva,https://www.wikidata.org/wiki/Q478464,Grado,Centro,"Facultad De Educacion, Psicologia Y Ciencas Del Deporte",,21005952,7500102,Doble Master Profesorado + Lenguas Y Literaturas En Contraste,Artes Y Humanidades,No Es Interuniversitario,,true,2016,Activo,Estudio Presencial,0,No Se Oferta En Idioma Extranjero,,,,,,,100,154
UHU-edf31bd93696017d2e9630c10594fe04,2019-20,049,Universidad De Huelva,http://www.semanticweb.org/universidata/resource/universidad/universidad-de-huelva,https://www.wikidata.org/wiki/Q478464,Grado,Centro,Facultad De Humanidades,,21005964,7500102,Doble Master Profesorado + Lenguas Y Literaturas En Contraste,Artes Y Humanidades,No Es Interuniversitario,,true,2016,Activo,Estudio Presencial,0,No Se Oferta En Idioma Extranjero,,,,,,,100,154
UHU-c5a7a848b4dcbf65114a9fd645e3fe54,2019-20,049,Universidad De Huelva,http://www.semanticweb.org/universidata/resource/universidad/universidad-de-huelva,https://www.wikidata.org/wiki/Q478464,Grado,Centro,Facultad De Ciencias Experimentales,,21004522,7000239,Doble Grado En Ciencias Ambientales Y Geologia,Ciencias,No Es Interuniversitario,,true,2014,Activo,Estudio Presencial,0,No Se Oferta En Idioma Extranjero,,,,,,,348,447
UHU-3920b99aa4c91ce6e00053b7ca52422e,2019-20,049,Universidad De Huelva,http://www.semanticweb.org/universidata/resource/universidad/universidad-de-huelva,https://www.wikidata.org/wiki/Q478464,Grado,Centro,Facultad De Ciencias Empresariales Y Turismo,,21005988,7000128,Doble Grado En Administracion Y Direccion De Empresas Y Turismo (adetur),Ciencias Sociales Y Juridicas,No Es Interuniversitario,,true,2010,Activo,Estudio Presencial,0,No Se Oferta En Idioma Extranjero,,,,,,,360,420
UHU-33aa7cf88f238d90f30423f401da7418,2019-20,049,Universidad De Huelva,http://www.semanticweb.org/universidata/resource/universidad/universidad-de-huelva,https://www.wikidata.org/wiki/Q478464,Grado,Centro,Facultad De Humanidades,,21005964,7000391,Doble Grado En Estudios Ingleses Y Filologia Hispanica,Artes Y Humanidades,No Es Interuniversitario,,true,2012,Activo,Estudio Presencial,0,No Se Oferta En Idioma Extranjero,,,,,,,318,504
UHU-ea8c5102a66395c2fd01dc7a64e872d1,2019-20,049,Universidad De Huelva,http://www.semanticweb.org/universidata/resource/universidad/universidad-de-huelva,https://www.wikidata.org/wiki/Q478464,Grado,Centro,Escuela Tecnica Superior De Ingenieria,,21003414,7000804,Doble Grado Ing. Electronica Industrial + Ing. Mecanica,Ingenieria Y Arquitectura,No Es Interuniversitario,,true,2017,Activo,Estudio Presencial,0,No Se Oferta En Idioma Extranjero,,,,,,,300,408
UHU-b52b1746bdb884342f7498380ba36002,2019-20,049,Universidad De Huelva,http://www.semanticweb.org/universidata/resource/universidad/universidad-de-huelva,https://www.wikidata.org/wiki/Q478464,Grado,Centro,Facultad De Ciencias Empresariales Y Turismo,,21005988,7000129,Doble Grado En Administracion Y Direccion De Empresas Y Finanzas Y Contabilidad,Ciencias Sociales Y Juridicas,No Es Interuniversitario,,true,2010,Activo,Estudio Presencial,0,No Se Oferta En Idioma Extranjero,,,,,,,294,420
UHU-6007f6dfb03324183b06ecff433b4f07,2019-20,049,Universidad De Huelva,http://www.semanticweb.org/universidata/resource/universidad/universidad-de-huelva,https://www.wikidata.org/wiki/Q478464,Grado,Centro,Escuela Tecnica Superior De Ingenieria,,21003414,7000862,Doble Grado Ing. Electrica + Ing. Energetica,Ingenieria Y Arquitectura,No Es Interuniversitario,,true,2017,Activo,Estudio Presencial,0,No Se Oferta En Idioma Extranjero,,,,,,,279,399
UHU-5cd67adbf86ed490b8d522ff772f347a,2019-20,049,Universidad De Huelva,http://www.semanticweb.org/universidata/resource/universidad/universidad-de-huelva,https://www.wikidata.org/wiki/Q478464,Grado,Centro,Facultad De Derecho,,21005976,7000803,Doble Grado Ade + Derecho,Ciencias Sociales Y Juridicas,No Es Interuniversitario,,true,2017,Activo,Estudio Presencial,0,No Se Oferta En Idioma Extranjero,,,,,,,380,222
UHU-31b126a53f5dffc524d85e62e58c85e2,2019-20,049,Universidad De Huelva,http://www.semanticweb.org/universidata/resource/universidad/universidad-de-huelva,https://www.wikidata.org/wiki/Q478464,Grado,Centro,Facultad De Ciencias Empresariales Y Turismo,,21005988,7000803,Doble Grado Ade + Derecho,Ciencias Sociales Y Juridicas,No Es Interuniversitario,,true,2017,Activo,Estudio Presencial,0,No Se Oferta En Idioma Extranjero,,,,,,,380,222
UHU-4149f4f02c3e1157845032d04afea2cf,2019-20,049,Universidad De Huelva,http://www.semanticweb.org/universidata/resource/universidad/universidad-de-huelva,https://www.wikidata.org/wiki/Q478464,Master,Centro,"Facultad De Educacion, Psicologia Y Ciencas Del Deporte",,21005952,4310018,Master Universitario En Educacion Intercultural,Ciencias Sociales Y Juridicas,Interuniversitario Con Alguna Universidad Extranjera,true,false,2009,Extinguido En El Curso De Referencia,Estudio Presencial,0,No Se Oferta En Idioma Extranjero,13.68,27.35,55.08,73.44,,,60,105
UHU-7df5fd6f7990ba5ec2ca151ca74e9734,2019-20,049,Universidad De Huelva,http://www.semanticweb.org/universidata/resource/universidad/universidad-de-huelva,https://www.wikidata.org/wiki/Q478464,Master,Centro,Facultad De Derecho,,21005976,4310113,Master Universitario En Asesoria Juridica De La Empresa,Ciencias Sociales Y Juridicas,No Es Interuniversitario,,false,2009,En Proceso De Extincion,Estudio Presencial,0,No Se Oferta En Idioma Extranjero,13.68,27.35,52.13,69.51,,,60,92
UHU-56dc56d19245c8e5c907e15893b72035,2019-20,049,Universidad De Huelva,http://www.semanticweb.org/universidata/resource/universidad/universidad-de-huelva,https://www.wikidata.org/wiki/Q478464,Master,Centro,Facultad De Humanidades,,21005964,4310115,Master Universitario En Estrategias Territoriales Y Ambientales En El Ambito Local,Ciencias Sociales Y Juridicas,No Es Interuniversitario,,false,2009,Extinguido En El Curso De Referencia,Estudio Presencial,0,No Se Oferta En Idioma Extranjero,13.68,27.35,52.13,69.51,,,60,60
UHU-3aab64a9f9617118ab3e01beb0bd672d,2019-20,049,Universidad De Huelva,http://www.semanticweb.org/universidata/resource/universidad/universidad-de-huelva,https://www.wikidata.org/wiki/Q478464,Master,Centro,Facultad De Humanidades,,21005964,4310121,Master Universitario En Patrimonio Historico Y Natural,Artes Y Humanidades,No Es Interuniversitario,,false,2009,En Proceso De Extincion,Estudio Presencial,0,No Se Oferta En Idioma Extranjero,13.68,27.35,52.13,69.51,,,60,110
UHU-e25753e0af6703e9bfca54a6ee47d673,2019-20,049,Universidad De Huelva,http://www.semanticweb.org/universidata/resource/universidad/universidad-de-huelva,https://www.wikidata.org/wiki/Q478464,Master,Centro,Facultad De Ciencias Experimentales,,21004522,4310122,Master Universitario En Tecnologia Ambiental,Ingenieria Y Arquitectura,Interuniversitario Con Universidades Espanolas,false,true,2009,Activo,Estudio Presencial,0,No Se Oferta En Idioma Extranjero,13.68,27.35,59.26,82.06,,,60,107
UHU-3368491798f905a0617b52d05297e0f2,2019-20,049,Universidad De Huelva,http://www.semanticweb.org/universidata/resource/universidad/universidad-de-huelva,https://www.wikidata.org/wiki/Q478464,Master,Centro,Facultad De Ciencias Empresariales Y Turismo,,21005988,4310657,Master Universitario En Economia Y Desarrollo Territorial,Ciencias Sociales Y Juridicas,Interuniversitario Con Universidades Espanolas,true,false,2009,En Proceso De Extincion,Estudio Presencial,0,No Se Oferta En Idioma Extranjero,13.68,27.35,52.13,69.51,,,60,79
UHU-6359d92c613d90d741744eda834149a8,2019-20,049,Universidad De Huelva,http://www.semanticweb.org/universidata/resource/universidad/universidad-de-huelva,https://www.wikidata.org/wiki/Q478464,Master,Centro,Facultad De Ciencias Del Trabajo,,21005812,4310708,Master En Prevencion De Riesgos Laborales,Ciencias Sociales Y Juridicas,No Es Interuniversitario,,true,2009,Activo,Estudio Presencial,0,No Se Oferta En Idioma Extranjero,13.68,27.35,52.13,69.51,,,90,90
UHU-f371ca80e191cd97a96b1320b733972d,2019-20,049,Universidad De Huelva,http://www.semanticweb.org/universidata/resource/universidad/universidad-de-huelva,https://www.wikidata.org/wiki/Q478464,Master,Centro,Facultad De Humanidades,,21005964,4311142,"Master Universitario En Genero, Identidad Y Ciudadania",Ciencias Sociales Y Juridicas,Interuniversitario Con Universidades Espanolas,false,false,2009,En Proceso De Extincion,Estudio Presencial,0,No Se Oferta En Idioma Extranjero,13.68,27.35,52.13,69.51,,,60,105
UHU-83bee605778ce5a4f60d037386771701,2019-20,049,Universidad De Huelva,http://www.semanticweb.org/universidata/resource/universidad/universidad-de-huelva,https://www.wikidata.org/wiki/Q478464,Master,Centro,Facultad De Ciencias Experimentales,,21004522,4311162,Master Universitario En Geologia Y Gestion Ambiental De Recursos Minerales,Ciencias,Interuniversitario Con Universidades Espanolas,false,true,2009,Activo,Estudio Presencial,0,No Se Oferta En Idioma Extranjero,13.68,27.35,59.26,82.06,,,60,88
UHU-25cf052e83743353350bd2685485ca62,2019-20,049,Universidad De Huelva,http://www.semanticweb.org/universidata/resource/universidad/universidad-de-huelva,https://www.wikidata.org/wiki/Q478464,Master,Centro,Facultad De Humanidades,,21005964,4311163,Master Universitario En Literatura Europea Y Ensenanza De Lenguas,Artes Y Humanidades,No Es Interuniversitario,,false,2009,En Proceso De Extincion,Estudio Presencial,0,No Se Oferta En Idioma Extranjero,13.68,27.35,52.13,69.51,,,60,113
UHU-6326dd576683c333b04ed2ed04329d20,2019-20,049,Universidad De Huelva,http://www.semanticweb.org/universidata/resource/universidad/universidad-de-huelva,https://www.wikidata.org/wiki/Q478464,Master,Centro,Facultad De Ciencias Del Trabajo,,21005812,4311164,Master Universitario En Politicas Territoriales De Empleo,Ciencias Sociales Y Juridicas,Interuniversitario Con Universidades Espanolas,true,false,2009,Inactivo,Estudio Presencial,0,No Se Oferta En Idioma Extranjero,13.68,27.35,52.13,69.51,,,60,0
UHU-943e4f329b2c30b889d48be290aeaa5e,2019-20,049,Universidad De Huelva,http://www.semanticweb.org/universidata/resource/universidad/universidad-de-huelva,https://www.wikidata.org/wiki/Q478464,Master,Centro,"Facultad De Educacion, Psicologia Y Ciencas Del Deporte",,21005952,4311165,"Master Universitario En Profesorado De Ensenanza Secundaria Obligatoria Y Bachillerato, Formacion Profesional Y Ensenanza De Idiomas",Ciencias Sociales Y Juridicas,No Es Interuniversitario,,true,2009,En Proceso De Extincion,Estudio Presencial,0,No Se Oferta En Idioma Extranjero,13.68,27.35,55.08,73.44,,,60,160
UHU-0392e94a88f365f90c7132a0f25702f6,2019-20,049,Universidad De Huelva,http://www.semanticweb.org/universidata/resource/universidad/universidad-de-huelva,https://www.wikidata.org/wiki/Q478464,Master,Centro,Facultad De Ciencias Empresariales Y Turismo,,21005988,4311168,Master Universitario En Turismo: Direccion De Empresas Turisticas,Ciencias Sociales Y Juridicas,No Es Interuniversitario,,true,2009,Activo,Estudio Presencial,0,No Se Oferta En Idioma Extranjero,13.68,27.35,52.13,69.51,,,60,60
UHU-d5ba4322fc73429fc2267a106d88e7ca,2019-20,049,Universidad De Huelva,http://www.semanticweb.org/universidata/resource/universidad/universidad-de-huelva,https://www.wikidata.org/wiki/Q478464,Master,Centro,"Facultad De Educacion, Psicologia Y Ciencas Del Deporte",,21005952,4312368,Master Universitario En Educacion Especial,Ciencias Sociales Y Juridicas,No Es Interuniversitario,,true,2010,Activo,Varias Modalidades,0,No Se Oferta En Idioma Extranjero,13.68,27.35,55.08,73.44,,,60,78
UHU-0adb31baef3ae54d3abe818569e7d121,2019-20,049,Universidad De Huelva,http://www.semanticweb.org/universidata/resource/universidad/universidad-de-huelva,https://www.wikidata.org/wiki/Q478464,Master,Centro,"Facultad De Educacion, Psicologia Y Ciencas Del Deporte",,21005952,4312370,Master Universitario En Orientacion Educativa,Ciencias Sociales Y Juridicas,No Es Interuniversitario,,false,2010,Extinguido En El Curso De Referencia,Estudio Presencial,0,No Se Oferta En Idioma Extranjero,13.68,27.35,55.08,73.44,,,60,108
UHU-8294893848a7c33699441194e43c68ef,2019-20,049,Universidad De Huelva,http://www.semanticweb.org/universidata/resource/universidad/universidad-de-huelva,https://www.wikidata.org/wiki/Q478464,Master,Centro,Facultad De Ciencias Del Trabajo,,21005812,4312647,"Master Univ. En Estudios E Interv. Social En Inmigracion, Desarrollo Y Grup",Ciencias Sociales Y Juridicas,Interuniversitario Con Universidades Espanolas,true,false,2010,Extinguido En El Curso De Referencia,Estudio Presencial,0,No Se Oferta En Idioma Extranjero,13.68,27.35,52.13,69.51,,,60,297
UHU-0bbeba97b0bcf9c6ab4a8bf8dfb26f9a,2019-20,049,Universidad De Huelva,http://www.semanticweb.org/universidata/resource/universidad/universidad-de-huelva,https://www.wikidata.org/wiki/Q478464,Master,Centro,"Facultad De Educacion, Psicologia Y Ciencas Del Deporte",,21005952,4312653,Master Universitario En Comunicacion Y Educacion Audiovisual,Ciencias Sociales Y Juridicas,Interuniversitario Con Universidades Espanolas,false,true,2010,Activo,Estudio Presencial,0,No Se Oferta En Idioma Extranjero,13.68,27.35,55.08,73.44,,,60,84
UHU-5779bf65e3827e76cdadfee633598e2e,2019-20,049,Universidad De Huelva,http://www.semanticweb.org/universidata/resource/universidad/universidad-de-huelva,https://www.wikidata.org/wiki/Q478464,Master,Centro,"Facultad De Educacion, Psicologia Y Ciencas Del Deporte",,21005952,4312654,Master Universitario En Educacion Fisico-deportiva,Ciencias Sociales Y Juridicas,No Es Interuniversitario,,false,2009,Extinguido En El Curso De Referencia,Estudio Presencial,0,No Se Oferta En Idioma Extranjero,13.68,27.35,55.08,73.44,,,60,86
UHU-86c3ede7c1e68ebc681355a162c906b5,2019-20,049,Universidad De Huelva,http://www.semanticweb.org/universidata/resource/universidad/universidad-de-huelva,https://www.wikidata.org/wiki/Q478464,Master,Centro,Facultad De Derecho,,21005976,4312655,Master Universitario En Derecho Ambiental,Ciencias Sociales Y Juridicas,Interuniversitario Con Universidades Espanolas,true,true,2009,En Proceso De Extincion,Estudio Presencial,0,No Se Oferta En Idioma Extranjero,13.68,27.35,52.13,69.51,,,60,65
UHU-4c3b80bdde000e16fa2919eb2c867b5a,2019-20,049,Universidad De Huelva,http://www.semanticweb.org/universidata/resource/universidad/universidad-de-huelva,https://www.wikidata.org/wiki/Q478464,Master,Centro,"Facultad De Educacion, Psicologia Y Ciencas Del Deporte",,21005952,4313430,Master Universitario En Investigacion Aplicada En Trastornos Mentales,Ciencias De La Salud,No Es Interuniversitario,,false,2012,Extinguido En El Curso De Referencia,Estudio Presencial,0,No Se Oferta En Idioma Extranjero,13.68,27.35,59.26,82.06,,,60,78
UHU-7a6959f2e16c7bd5586efdf83d938b71,2019-20,049,Universidad De Huelva,http://www.semanticweb.org/universidata/resource/universidad/universidad-de-huelva,https://www.wikidata.org/wiki/Q478464,Master,Centro,Facultad De Derecho,,21005976,4314398,Master Universitario En Acceso A La Abogacia,Ciencias Sociales Y Juridicas,No Es Interuniversitario,,true,2013,Activo,Estudio Presencial,0,No Se Oferta En Idioma Extranjero,13.68,27.35,52.13,69.51,,,90,132
UHU-af7d072a5cab37f2b47c82076b75c684,2019-20,049,Universidad De Huelva,http://www.semanticweb.org/universidata/resource/universidad/universidad-de-huelva,https://www.wikidata.org/wiki/Q478464,Master,Centro,Escuela Tecnica Superior De Ingenieria,,21003414,4314808,Master Universitario En Ingenieria Industrial,Ingenieria Y Arquitectura,No Es Interuniversitario,,true,2014,Activo,Estudio Presencial,0,No Se Oferta En Idioma Extranjero,13.68,27.35,59.26,82.06,,,120,261
UHU-4030a3cb89f56030ef5c97c7262a9807,2019-20,049,Universidad De Huelva,http://www.semanticweb.org/universidata/resource/universidad/universidad-de-huelva,https://www.wikidata.org/wiki/Q478464,Master,Centro,Escuela Tecnica Superior De Ingenieria,,21003414,4315042,Master Universitario En Ingenieria Informatica,Ingenieria Y Arquitectura,No Es Interuniversitario,,false,2014,Activo,Estudio Presencial,0,No Se Oferta En Idioma Extranjero,13.68,27.35,59.26,82.06,,,90,12
UHU-66aa544fa1f184484a81594c79c72deb,2019-20,049,Universidad De Huelva,http://www.semanticweb.org/universidata/resource/universidad/universidad-de-huelva,https://www.wikidata.org/wiki/Q478464,Master,Centro,Escuela Tecnica Superior De Ingenieria,,21003414,4316556,Master Universitario En Ingenieria Quimica,Ingenieria Y Arquitectura,No Es Interuniversitario,,true,2014,Activo,Estudio Presencial,0,No Se Oferta En Idioma Extranjero,13.68,27.35,59.26,82.06,,,90,15
UHU-26bbda19dc280a44640a19c8d20d2cc8,2019-20,049,Universidad De Huelva,http://www.semanticweb.org/universidata/resource/universidad/universidad-de-huelva,https://www.wikidata.org/wiki/Q478464,Master,Centro,Escuela Tecnica Superior De Ingenieria,,21003414,4315043,Master Universitario En Ingenieria Quimica (plan 2018),Ingenieria Y Arquitectura,Interuniversitario Con Universidades Espanolas,false,true,2018,Activo,Estudio Presencial,0,No Se Oferta En Idioma Extranjero,13.68,27.35,52.13,69.51,,,90,136.5
UHU-fda49c91ec52b1550c62d77be4fbed14,2019-20,049,Universidad De Huelva,http://www.semanticweb.org/universidata/resource/universidad/universidad-de-huelva,https://www.wikidata.org/wiki/Q478464,Master,Centro,Escuela Tecnica Superior De Ingenieria,,21003414,4315044,Master Universitario En Ingenieria De Montes,Ingenieria Y Arquitectura,No Es Interuniversitario,,true,2015,Activo,Estudio Presencial,0,No Se Oferta En Idioma Extranjero,13.68,27.35,59.26,82.06,,,90,144
UHU-7e1fe88d5d62219c086ec4e1be4490a3,2019-20,049,Universidad De Huelva,http://www.semanticweb.org/universidata/resource/universidad/universidad-de-huelva,https://www.wikidata.org/wiki/Q478464,Master,Centro,Facultad De Humanidades,,21005964,4315559,Master Universitario En Patrimonio Historico Y Cultural,Artes Y Humanidades,No Es Interuniversitario,,true,2015,Activo,Varias Modalidades,0,No Se Oferta En Idioma Extranjero,13.68,27.35,52.13,69.51,,,60,96.38
UHU-82947d4487eb71980da5e7df5c9d59e4,2019-20,049,Universidad De Huelva,http://www.semanticweb.org/universidata/resource/universidad/universidad-de-huelva,https://www.wikidata.org/wiki/Q478464,Master,Centro,Facultad De Ciencias Empresariales Y Turismo,,21005988,4315566,"Master Universitario En Economia, Finanzas Y Computacion",Ciencias Sociales Y Juridicas,Interuniversitario Con Universidades Espanolas,false,true,2015,Activo,Estudio Presencial,0,No Se Oferta En Idioma Extranjero,13.68,27.35,52.13,69.51,,,60,96
UHU-6ea7de2fb977df35af6f9e44e0f2dc48,2019-20,049,Universidad De Huelva,http://www.semanticweb.org/universidata/resource/universidad/universidad-de-huelva,https://www.wikidata.org/wiki/Q478464,Master,Centro,Facultad De Humanidades,,21005964,4315567,Master Universitario En Desarrollo Rural Y Empresa Agroalimentaria,Ciencias Sociales Y Juridicas,No Es Interuniversitario,,false,2015,Extinguido En El Curso De Referencia,Estudio Presencial,0,No Se Oferta En Idioma Extranjero,13.68,27.35,52.13,69.51,,,60,60
UHU-1cad34b62f52e39296aca00773149c48,2019-20,049,Universidad De Huelva,http://www.semanticweb.org/universidata/resource/universidad/universidad-de-huelva,https://www.wikidata.org/wiki/Q478464,Master,Centro,"Facultad De Educacion, Psicologia Y Ciencas Del Deporte",,21005952,4315573,Master Universitario En Psicologia General Sanitaria,Ciencias De La Salud,No Es Interuniversitario,,true,2015,Activo,Estudio Presencial,0,No Se Oferta En Idioma Extranjero,13.68,27.35,59.26,82.06,,,90,99
UHU-545df716e647d7eed72ddff7b9bdd1b9,2019-20,049,Universidad De Huelva,http://www.semanticweb.org/universidata/resource/universidad/universidad-de-huelva,https://www.wikidata.org/wiki/Q478464,Master,Centro,Facultad De Ciencias Empresariales Y Turismo,,21005988,4315575,Master Universitario En Economia Y Desarrollo Territorial,Ciencias Sociales Y Juridicas,Interuniversitario Con Universidades Espanolas,true,true,2015,Activo,Estudio Presencial,0,No Se Oferta En Idioma Extranjero,13.68,27.35,52.13,69.51,,,60,114
UHU-c5af4a0fa35167ad7ca73d52d8f965c5,2019-20,049,Universidad De Huelva,http://www.semanticweb.org/universidata/resource/universidad/universidad-de-huelva,https://www.wikidata.org/wiki/Q478464,Master,Centro,"Facultad De Educacion, Psicologia Y Ciencas Del Deporte",,21005952,4315953,"Master Universitario En Investigacion En La Ensenanza Y El Aprendizaje De Las Ciencias Experimentales, Sociales Y Matematicas",Ciencias Sociales Y Juridicas,Interuniversitario Con Universidades Espanolas,false,true,2016,Activo,Estudio Presencial,0,No Se Oferta En Idioma Extranjero,13.68,27.35,55.08,73.44,,,60,96
UHU-1efd1f8a30bbf9315a1f4205f731671a,2019-20,049,Universidad De Huelva,http://www.semanticweb.org/universidata/resource/universidad/universidad-de-huelva,https://www.wikidata.org/wiki/Q478464,Master,Centro,Facultad De Humanidades,,21005964,4315954,Master Universitario En Lenguas Y Literaturas En Contraste: Estudios Avanzados,Artes Y Humanidades,No Es Interuniversitario,,true,2016,Activo,Estudio Presencial,0,No Se Oferta En Idioma Extranjero,13.68,27.35,52.13,69.51,,,60,76
UHU-078bdbdcef934fcfba8bf58727932d2d,2019-20,049,Universidad De Huelva,http://www.semanticweb.org/universidata/resource/universidad/universidad-de-huelva,https://www.wikidata.org/wiki/Q478464,Master,Centro,"Facultad De Educacion, Psicologia Y Ciencas Del Deporte",,21005952,4315955,"Master Universitario En Formacion Del Profesorado De Educacion Secundaria Obligatoria Y Bachillerato, Formacion Profesional Y Ensenanza De Idiomas",Ciencias Sociales Y Juridicas,No Es Interuniversitario,,true,2016,Activo,Estudio Presencial,0,No Se Oferta En Idioma Extranjero,13.68,27.35,55.08,73.44,,,60,60
UHU-c3b91cee923dedf84c44c36c2f8611ce,2019-20,049,Universidad De Huelva,http://www.semanticweb.org/universidata/resource/universidad/universidad-de-huelva,https://www.wikidata.org/wiki/Q478464,Master,Centro,"Facultad De Educacion, Psicologia Y Ciencas Del Deporte",,21005952,4315965,Master Universitario En Investigacion En Educacion Fisica Y Ciencias Del Deporte,Ciencias Sociales Y Juridicas,No Es Interuniversitario,,true,2016,Activo,Estudio Presencial,0,No Se Oferta En Idioma Extranjero,13.68,27.35,55.08,73.44,,,60,60
UHU-cdc8dd5e6f64fc29341ea7cfa1af4306,2019-20,049,Universidad De Huelva,http://www.semanticweb.org/universidata/resource/universidad/universidad-de-huelva,https://www.wikidata.org/wiki/Q478464,Master,Centro,Facultad De Derecho,,21005976,4315969,Master Universitario En Asesoria Juridica De La Empresa,Ciencias Sociales Y Juridicas,No Es Interuniversitario,,true,2016,Activo,Estudio Presencial,0,No Se Oferta En Idioma Extranjero,13.68,27.35,52.13,69.51,,,60,72
UHU-5e8455d8323ff645f86237ac9734d2b1,2019-20,049,Universidad De Huelva,http://www.semanticweb.org/universidata/resource/universidad/universidad-de-huelva,https://www.wikidata.org/wiki/Q478464,Master,Centro,Facultad De Trabajo Social,,21004376,4315971,Master Universitario En Investigacion E Intervencion En Trabajo Social,Ciencias Sociales Y Juridicas,No Es Interuniversitario,,true,2016,Activo,Estudio Presencial,0,No Se Oferta En Idioma Extranjero,13.68,27.35,52.13,69.51,,,60,75
UHU-f34aadd05d9eccea154d3fa18d3fdce8,2019-20,049,Universidad De Huelva,http://www.semanticweb.org/universidata/resource/universidad/universidad-de-huelva,https://www.wikidata.org/wiki/Q478464,Master,Centro,Facultad De Ciencias Experimentales,,21004522,4315973,Master Universitario En Conservacion De La Biodiversidad,Ciencias,No Es Interuniversitario,,true,2016,Activo,Estudio Presencial,0,No Se Oferta En Idioma Extranjero,13.68,27.35,59.26,82.06,,,60,79.5
UHU-8683ff2d4d2fef54032f2b44c3fe0197,2019-20,049,Universidad De Huelva,http://www.semanticweb.org/universidata/resource/universidad/universidad-de-huelva,https://www.wikidata.org/wiki/Q478464,Master,Centro,Facultad De Humanidades,,21005964,4315975,"Master Universitario En Estudios De Genero, Identidades Y Ciudadania",Ciencias Sociales Y Juridicas,Interuniversitario Con Universidades Espanolas,false,true,2016,Activo,Estudio Presencial,0,No Se Oferta En Idioma Extranjero,13.68,27.35,52.13,69.51,,,60,90
UHU-e7f7962c49546e3293288cd76ffc2173,2019-20,049,Universidad De Huelva,http://www.semanticweb.org/universidata/resource/universidad/universidad-de-huelva,https://www.wikidata.org/wiki/Q478464,Master,Centro,"Facultad De Educacion, Psicologia Y Ciencas Del Deporte",,21005952,4315983,Master Universitario En Educacion Ambiental,Ciencias Sociales Y Juridicas,Interuniversitario Con Universidades Espanolas,true,true,2016,Activo,Estudio Semipresencial,0,No Se Oferta En Idioma Extranjero,13.68,27.35,55.08,73.44,,,60,84
UHU-567f2f129b651721a6f874b0d5ac05b5,2019-20,049,Universidad De Huelva,http://www.semanticweb.org/universidata/resource/universidad/universidad-de-huelva,https://www.wikidata.org/wiki/Q478464,Master,Centro,Facultad De Ciencias Del Trabajo,,21005812,4316020,Master Universitario En Direccion Y Gestion De Personas,Ciencias Sociales Y Juridicas,Interuniversitario Con Universidades Espanolas,true,true,2016,Activo,Estudio Presencial,0,No Se Oferta En Idioma Extranjero,13.68,27.35,52.13,69.51,,,60,60
UHU-7548cde04cda7f5293697124eb33ca51,2019-20,049,Universidad De Huelva,http://www.semanticweb.org/universidata/resource/universidad/universidad-de-huelva,https://www.wikidata.org/wiki/Q478464,Master,Centro,"Facultad De Educacion, Psicologia Y Ciencas Del Deporte",,21005952,4316209,Master Universitario En Innovacion Pedagogica Y Liderazgo Educativo,Ciencias Sociales Y Juridicas,No Es Interuniversitario,,true,2017,Activo,Estudio Presencial,0,No Se Oferta En Idioma Extranjero,13.68,27.35,55.08,73.44,,,60,82
UHU-36879ac799c727d6dbacd31645b2bc0c,2019-20,049,Universidad De Huelva,http://www.semanticweb.org/universidata/resource/universidad/universidad-de-huelva,https://www.wikidata.org/wiki/Q478464,Master,Centro,Facultad De Humanidades,,21005964,4316212,Master Universitario En Analisis Historico Del Mundo Actual,Artes Y Humanidades,Interuniversitario Con Universidades Espanolas,false,true,2017,Activo,Estudio No Presencial,0,No Se Oferta En Idioma Extranjero,13.68,27.35,52.13,69.51,,,60,78
UHU-7f63189c0c9a09dcaac6536c9fa03795,2019-20,049,Universidad De Huelva,http://www.semanticweb.org/universidata/resource/universidad/universidad-de-huelva,https://www.wikidata.org/wiki/Q478464,Master,Centro,Escuela Tecnica Superior De Ingenieria,,21003414,4316224,Master Universitario En Ingenieria De Minas,Ingenieria Y Arquitectura,Interuniversitario Con Universidades Espanolas,false,true,2017,Activo,Estudio Presencial,0,No Se Oferta En Idioma Extranjero,13.68,27.35,59.26,82.06,,,90,132
UHU-1d5e79618971643a3811feb564f8566e,2019-20,049,Universidad De Huelva,http://www.semanticweb.org/universidata/resource/universidad/universidad-de-huelva,https://www.wikidata.org/wiki/Q478464,Master,Centro,Facultad De Ciencias Experimentales,,21004522,4316492,Master Universitario En Quimica Aplicada,Ciencias,Interuniversitario Con Universidades Espanolas,true,true,2019,Activo,Estudio Presencial,0,No Se Oferta En Idioma Extranjero,13.68,27.35,52.13,69.51,,,60,60
UHU-c1968da0b94f6dd979bccae9ddc6323a,2019-20,049,Universidad De Huelva,http://www.semanticweb.org/universidata/resource/universidad/universidad-de-huelva,https://www.wikidata.org/wiki/Q478464,Master,Centro,Facultad De Enfermeria,,21003359,4316530,Master Universitario En Enfermeria En Prac. Avanz. En A. A La Cronicidad Y La Dependencia,Ciencias De La Salud,No Es Interuniversitario,,true,2018,Activo,Estudio Presencial,0,No Se Oferta En Idioma Extranjero,13.68,27.35,52.13,69.51,,,60,60
UHU-e78fa1c49e5bdcea8e8066cd2f62ec3f,2019-20,049,Universidad De Huelva,http://www.semanticweb.org/universidata/resource/universidad/universidad-de-huelva,https://www.wikidata.org/wiki/Q478464,Master,Centro,"Facultad De Educacion, Psicologia Y Ciencas Del Deporte",,21005952,4316531,Master Universitario En Investigacion E Intervencion Psicosocial En Contextos Diversos,Ciencias Sociales Y Juridicas,No Es Interuniversitario,,true,2018,Activo,Estudio Presencial,0,No Se Oferta En Idioma Extranjero,13.68,27.35,52.13,69.51,,,60,72
UHU-944de93bfd1c584f4a44f1c5928747ac,2019-20,049,Universidad De Huelva,http://www.semanticweb.org/universidata/resource/universidad/universidad-de-huelva,https://www.wikidata.org/wiki/Q478464,Master,Centro,Escuela Tecnica Superior De Ingenieria,,21003414,4316545,Master Universtario En Ingenieria Informatica (plan 2018),Ingenieria Y Arquitectura,No Es Interuniversitario,,true,2018,Activo,Estudio Presencial,0,No Se Oferta En Idioma Extranjero,13.68,27.35,52.13,69.51,,,78,120
UHU-9f2c1088c2cffe5427bd8372aac90c1b,2019-20,049,Universidad De Huelva,http://www.semanticweb.org/universidata/resource/universidad/universidad-de-huelva,https://www.wikidata.org/wiki/Q478464,Master,Centro,Facultad De Ciencias Experimentales,,21004522,4316581,Master Universitario En Simulacion Molecular,Ciencias,Interuniversitario Con Universidades Espanolas,true,true,2018,Activo,Estudio Presencial,0,No Se Oferta En Idioma Extranjero,13.68,27.35,52.13,69.51,,,60,60
UHU-c8d18ccbd0b01da153096d62ff73227d,2019-20,049,Universidad De Huelva,http://www.semanticweb.org/universidata/resource/universidad/universidad-de-huelva,https://www.wikidata.org/wiki/Q478464,Master,Centro,"Facultad De Educacion, Psicologia Y Ciencas Del Deporte",,21005952,4316735,Master Universitario En Investigacion Y Analisis Del Flamenco,Artes Y Humanidades,Interuniversitario Con Universidades Espanolas,true,true,2018,Activo,Estudio Presencial,0,No Se Oferta En Idioma Extranjero,13.68,27.35,52.13,69.51,,,60,65
UHU-d2686be089e7d9ee44c82f069da5d56b,2019-20,049,Universidad De Huelva,http://www.semanticweb.org/universidata/resource/universidad/universidad-de-huelva,https://www.wikidata.org/wiki/Q478464,Master,Centro,Facultad De Ciencias Del Trabajo,,21005812,4317061,Master En Empleo. Estrategias Y Gestion De Servicios Y Politicas Territoriales De Empleo,Ciencias Sociales Y Juridicas,Interuniversitario Con Universidades Espanolas,true,true,2019,Activo,Varias Modalidades,0,No Se Oferta En Idioma Extranjero,13.68,27.35,52.13,69.51,,,60,100
UHU-f0d323802e1a622fd23f8dbe3b654178,2019-20,049,Universidad De Huelva,http://www.semanticweb.org/universidata/resource/universidad/universidad-de-huelva,https://www.wikidata.org/wiki/Q478464,Doctorado,Otros,Escuela De Doctorado De La Uhu,,21006270,5600868,Ciencia Y Tecnologia Industrial Y Ambiental,Ingenieria Y Arquitectura,No Es Interuniversitario,,true,2013,Activo,,0,No Se Oferta En Idioma Extranjero,,,,,,60.3,,
UHU-09a7fcf3118a3ab473c25a42cd159ba7,2019-20,049,Universidad De Huelva,http://www.semanticweb.org/universidata/resource/universidad/universidad-de-huelva,https://www.wikidata.org/wiki/Q478464,Doctorado,Otros,Escuela De Doctorado De La Uhu,,21006270,5600433,Comunicacion,Ciencias Sociales Y Juridicas,Interuniversitario Con Universidades Espanolas,true,true,2013,Activo,,0,No Se Oferta En Idioma Extranjero,,,,,,60.3,,
UHU-8cfdde2a3a41be639228a4975e88c5f4,2019-20,049,Universidad De Huelva,http://www.semanticweb.org/universidata/resource/universidad/universidad-de-huelva,https://www.wikidata.org/wiki/Q478464,Doctorado,Otros,Escuela De Doctorado De La Uhu,,21006270,5600301,Lenguas Y Culturas,Artes Y Humanidades,Interuniversitario Con Universidades Espanolas,true,true,2013,Activo,,0,No Se Oferta En Idioma Extranjero,,,,,,60.3,,
UHU-f749753c41fc8668e5573a875f04f13e,2019-20,049,Universidad De Huelva,http://www.semanticweb.org/universidata/resource/universidad/universidad-de-huelva,https://www.wikidata.org/wiki/Q478464,Doctorado,Otros,Escuela De Doctorado De La Uhu,,21006270,5600390,Patrimonio,Artes Y Humanidades,Interuniversitario Con Universidades Espanolas,true,true,2013,Activo,,0,No Se Oferta En Idioma Extranjero,,,,,,60.3,,
UHU-23942f686bf66bae18d679bebd629b58,2019-20,049,Universidad De Huelva,http://www.semanticweb.org/universidata/resource/universidad/universidad-de-huelva,https://www.wikidata.org/wiki/Q478464,Doctorado,Otros,Escuela De Doctorado De La Uhu,,21006270,5601184,Ciencias De La Salud,Ciencias De La Salud,No Es Interuniversitario,,true,2014,Activo,,0,No Se Oferta En Idioma Extranjero,,,,,,60.3,,
UHU-a406a4d1fd199dca269cb52a0aea17fc,2019-20,049,Universidad De Huelva,http://www.semanticweb.org/universidata/resource/universidad/universidad-de-huelva,https://www.wikidata.org/wiki/Q478464,Doctorado,Otros,Escuela De Doctorado De La Uhu,,21006270,5601187,Ciencias Juridicas,Ciencias Sociales Y Juridicas,Interuniversitario Con Universidades Espanolas,true,true,2014,Activo,,0,No Se Oferta En Idioma Extranjero,,,,,,60.3,,
UHU-fc6fca1d1e80629dc4b0b8376b6426a8,2019-20,049,Universidad De Huelva,http://www.semanticweb.org/universidata/resource/universidad/universidad-de-huelva,https://www.wikidata.org/wiki/Q478464,Doctorado,Otros,Escuela De Doctorado De La Uhu,,21006270,5601109,Ciencias Sociales Y De La Educacion,Ciencias Sociales Y Juridicas,No Es Interuniversitario,,true,2014,Activo,,0,No Se Oferta En Idioma Extranjero,,,,,,60.3,,
UHU-ce20fb3235324a6f89a91553c16885f9,2019-20,049,Universidad De Huelva,http://www.semanticweb.org/universidata/resource/universidad/universidad-de-huelva,https://www.wikidata.org/wiki/Q478464,Doctorado,Otros,Escuela De Doctorado De La Uhu,,21006270,5601072,Estudios Interdisciplinares De Genero,Ciencias Sociales Y Juridicas,Interuniversitario Con Universidades Espanolas,true,true,2014,Activo,,0,No Se Oferta En Idioma Extranjero,,,,,,60.3,,
UHU-efe9810e8406a604b3e8494c00848b49,2019-20,049,Universidad De Huelva,http://www.semanticweb.org/universidata/resource/universidad/universidad-de-huelva,https://www.wikidata.org/wiki/Q478464,Doctorado,Otros,Escuela De Doctorado De La Uhu,,21006270,5601003,"Investigacion En La Ensenanza Y El Aprendizaje De Las Ciencias Experimentales, Sociales, Matematicas Y La Actividad Fisica Y Deportiva",Ciencias Sociales Y Juridicas,Interuniversitario Con Universidades Espanolas,true,true,2014,Activo,,0,No Se Oferta En Idioma Extranjero,,,,,,60.3,,
UHU-21d9d2a811470309f38c8beaa72b6f06,2019-20,049,Universidad De Huelva,http://www.semanticweb.org/universidata/resource/universidad/universidad-de-huelva,https://www.wikidata.org/wiki/Q478464,Doctorado,Otros,Escuela De Doctorado De La Uhu,,21006270,5601256,"Economia, Empresa, Finanzas Y Computacion",Ciencias Sociales Y Juridicas,Interuniversitario Con Universidades Espanolas,false,true,2016,Activo,,0,No Se Oferta En Idioma Extranjero,,,,,,60.3,,
UHU-3754d2cd2a24548870223ae8ea0b8e20,2019-20,049,Universidad De Huelva,http://www.semanticweb.org/universidata/resource/universidad/universidad-de-huelva,https://www.wikidata.org/wiki/Q478464,Doctorado,Otros,Escuela De Doctorado De La Uhu,,21006270,5601322,Ciencia Regional: Empresa Y Territorio,Ciencias Sociales Y Juridicas,No Es Interuniversitario,,true,2017,Activo,,0,No Se Oferta En Idioma Extranjero,,,,,,60.3,,
